user_id,artist_id,plays
0,901,2
0,938,27
0,2590,1
0,3194,31
0,3547,2
0,3646,2
0,3993,4
0,7204,7
0,9613,20
0,9620,20
0,9821,59
0,10331,1
0,10896,9
0,11284,5
0,11539,1
0,12382,52
0,12780,3
0,12827,4
0,16180,43
0,17457,1
0,17555,1
0,19626,25
1,19626,3
2,27,15
2,295,3
2,600,2
2,1342,8
2,2165,38
2,5008,5
2,6573,2
2,6874,6
2,8645,4
2,9038,1
2,9821,7
2,9864,21
2,10352,2
2,10856,19
2,11284,118
2,11312,3
2,11779,9
2,11954,19
2,11998,1
2,12138,4
2,13150,5
2,13256,3
2,14092,9
2,14119,339
2,14273,2
2,14479,2
2,16107,1
2,16180,3
2,16919,2
2,19204,7
2,19535,11
3,1378,43
3,2756,5
3,2925,4
3,4326,24
3,4669,84
3,5795,4
3,6040,11
3,6311,2
3,7581,2
3,7785,9
3,8404,20
3,9821,20
3,10191,80
3,12495,1
3,12804,416
3,13240,91
3,13841,2
3,15434,19
3,15949,8
3,16180,13
3,19221,2
4,3796,3
4,6311,1
4,9821,36
4,10260,28
4,11246,6
4,12048,18
4,17158,21
5,9821,20
6,1469,32
6,6303,1
6,7029,6
6,9064,4
6,9821,10
6,11504,7
6,12141,5
6,13420,63
6,15592,12
6,17603,1
6,18262,2
6,19119,2
7,201,18
7,1982,1
7,2431,3
7,5844,1
7,6356,2
7,6738,3
7,6908,1
7,7281,1
7,8404,3
7,11246,4
7,12652,1
7,15174,256
7,16180,5
7,17036,15
7,18317,5
8,1032,3
8,3448,1
8,4876,3
8,7153,50
8,8404,3
8,9096,23
8,11304,2
8,11859,14
8,15981,64
8,16524,30
8,19626,10
9,5793,3
9,6403,5
9,9821,7
9,11510,1
9,14006,5
9,17323,3
10,3169,1
10,14006,19
10,15149,8
10,16247,8
10,18190,2
11,5565,2
11,6524,9
11,8431,96
11,8712,13
11,9067,10
11,10352,5
11,14300,14
11,15318,344
11,17988,3
11,19221,133
11,19521,14
12,4076,2
12,10743,5
12,14431,26
12,15241,60
12,18922,7
13,3474,1
13,3914,146
13,4490,3
13,4617,3
13,5626,12
13,7399,5
13,7632,33
13,8393,16
13,9523,5
13,9821,69
13,10415,27
13,11462,27
13,11507,3
13,11972,5
13,12495,1
13,13240,3
13,14035,2
13,14545,3
13,15287,5
13,15397,16
13,15573,2
13,15592,2
13,16180,12
13,17927,1
13,18081,1
13,19022,2
13,19162,21
14,3448,7
14,5826,21
14,5936,16
14,6475,6
14,7062,10
14,9821,33
14,14602,3
14,15397,4
14,16968,11
14,18801,77
14,19828,15
15,15174,4
15,16180,3
16,1336,1
16,1641,27
16,1918,2
16,3387,2
16,9821,99
16,11458,1
16,13240,1
16,14244,1
16,14794,1
16,15048,3
16,15193,7
16,16112,17
16,16180,3
16,19269,23
17,114,3
17,2925,5
17,5769,10
17,7422,3
17,7444,7
17,8991,13
17,9096,164
17,10685,2
17,11401,1
17,11810,6
17,12530,17
17,12627,5
17,12641,9
17,13240,42
17,14985,24
17,15174,19
17,17223,18
17,18081,29
18,61,2
18,360,2
18,510,5
18,1336,2
18,1641,6
18,2364,241
18,2371,8
18,2756,9
18,2804,28
18,2925,4
18,4076,2
18,4326,2
18,4583,4
18,5030,3
18,5450,39
18,5787,3
18,5844,20
18,5885,33
18,5922,4
18,6247,6
18,6311,16
18,6356,6
18,6824,1
18,6939,160
18,7736,46
18,8631,8
18,8991,6
18,9426,16
18,9518,9
18,9821,208
18,9851,1
18,10432,7
18,10933,4
18,11246,8
18,12495,5
18,12602,2
18,12673,1
18,12827,1
18,12985,2
18,13240,62
18,13256,1
18,14006,11
18,14178,14
18,14539,21
18,15048,2
18,15072,1
18,15226,1
18,15237,5
18,15424,32
18,15852,2
18,16180,2
18,16757,1
18,17131,3
18,17323,56
18,17670,25
18,17829,8
18,18081,6
18,19022,46
18,19097,2
18,19535,2
18,19740,32
19,114,32
19,594,3
19,3667,13
19,4074,2
19,4076,51
19,4218,8
19,4223,29
19,6241,5
19,7422,5
19,8279,108
19,8431,542
19,8991,2
19,9025,4
19,9096,8
19,9821,3
19,11085,25
19,11246,3
19,11810,11
19,11986,1
19,12152,12
19,12423,34
19,12641,27
19,13841,2
19,13889,2
19,14006,4
19,14755,2
19,15237,23
19,16107,32
19,16180,2
19,16961,1
20,3485,7
20,7763,1
20,15048,1
20,16838,7
20,19097,22
21,510,1
21,600,16
21,1641,2
21,2108,1
21,2775,7
21,2853,8
21,4076,2
21,4465,8
21,5397,1
21,5459,339
21,5477,39
21,5503,24
21,5565,10
21,5844,4
21,6311,10
21,7153,20
21,7168,23
21,7845,2
21,8051,28
21,8404,4
21,8544,6
21,9303,12
21,9816,22
21,9821,23
21,10223,57
21,11170,2
21,11779,9
21,11954,3
21,11998,30
21,12174,2
21,12200,2
21,12641,3
21,12780,10
21,12827,1
21,12880,103
21,13240,11
21,13628,17
21,16180,23
21,16288,64
21,16524,30
21,16631,5
21,17042,5
21,17345,5
21,17403,23
21,18081,6
21,18291,7
21,18551,14
21,19097,2
21,19609,102
21,19792,3
22,201,3
22,9613,4
22,9821,208
23,872,1
23,1861,2
23,2696,4
23,2775,7
23,6311,235
23,9821,3
23,11246,7
23,11779,32
23,12495,3
23,13988,15
23,14006,2
23,18027,3
24,116,2
24,1336,2
24,4076,1
24,4218,27
24,5844,62
24,6096,4
24,7062,4
24,7139,6
24,7284,7
24,7719,3
24,9821,53
24,10896,1
24,11246,101
24,11539,2
24,12255,2
24,12269,8
24,13240,6
24,14006,12
24,14275,2
24,14494,54
24,14842,2
24,16448,13
24,16697,1
24,18949,2
24,19718,1
24,19828,5
25,673,2
25,726,1
25,874,1
25,896,2
25,1032,27
25,1633,99
25,1982,2
25,3387,1
25,3474,34
25,3985,2
25,4076,2
25,4114,1
25,5793,31
25,5844,1
25,7008,1
25,7153,4
25,7224,6
25,7482,2
25,9025,2
25,9402,2
25,9821,36
25,9976,6
25,10183,2
25,10540,20
25,10816,8
25,10853,3
25,11246,38
25,12263,8
25,13184,7
25,13240,8
25,13394,12
25,13563,44
25,14006,7
25,14244,13
25,14300,6
25,14490,2
25,14515,25
25,15134,109
25,15409,17
25,15429,1
25,16180,7
25,16953,3
25,17457,10
25,18158,11
25,18252,1
25,18262,2
25,18866,1
25,19009,2
25,19370,9
25,19647,38
25,19716,5
25,19718,37
26,550,104
26,673,3
26,1336,32
26,1472,1
26,1641,3
26,1670,5
26,1903,11
26,1918,110
26,1931,11
26,2146,2
26,2346,1
26,2696,12
26,3146,23
26,3169,1
26,3448,2
26,3491,63
26,3580,25
26,4255,11
26,4556,2
26,4744,1
26,4794,1
26,5285,1
26,5450,4
26,5600,1
26,5723,2
26,5826,66
26,6356,28
26,6689,11
26,6821,1
26,7257,20
26,7281,1
26,7422,12
26,9102,2
26,9114,21
26,9288,14
26,9303,7
26,9821,36
26,9957,7
26,10352,17
26,10432,7
26,10469,30
26,10639,1
26,10936,16
26,11239,3
26,11284,3
26,11354,5
26,11486,3
26,11934,12
26,11998,9
26,12300,4
26,12423,1
26,12530,2
26,12641,8
26,12727,2
26,13240,1
26,13483,19
26,13916,14
26,14470,3
26,14626,2
26,14748,3
26,15226,41
26,15424,10
26,15429,22
26,15910,2
26,16180,30
26,16697,1
26,17131,19
26,17686,4
26,17882,3
26,18081,8
26,18565,5
26,18682,1
26,18922,36
26,19142,3
26,19410,50
26,19493,18
26,19521,2
26,19593,39
26,19653,41
27,22,5
27,735,6
27,1023,138
27,1032,6
27,1426,8
27,1446,2
27,1646,6
27,2015,2
27,2364,1
27,3143,1
27,3474,1
27,3985,1
27,3993,18
27,4639,41
27,5459,8
27,5503,634
27,5824,19
27,5844,1
27,8051,3
27,9821,23
27,10180,11
27,11507,6
27,11539,2
27,11794,2
27,11810,9
27,12149,4
27,12204,1
27,12641,1
27,13240,128
27,13506,58
27,14006,42
27,14066,73
27,14479,19
27,14843,7
27,15925,131
27,16180,2
27,16290,4
27,16756,21
27,17158,3
27,17345,4
27,18081,29
27,19022,2
27,19609,5
28,1366,19
28,4255,1
28,5750,32
28,5795,1
28,6303,88
28,11504,3
28,12255,2
28,16112,20
28,16180,40
28,17657,6
29,2787,14
29,3387,6
29,3985,25
29,6487,1
29,9613,4
29,9821,10
29,11431,44
29,11492,4
29,11998,2
29,12187,3
29,12911,1
29,13396,35
29,14130,9
29,14670,23
29,16112,1
29,16121,3
29,16180,53
29,16645,3
29,16968,3
29,19119,2
29,19142,6
30,1633,1
30,5565,121
30,5844,9
30,6686,41
30,8097,1
30,9821,49
30,10352,3
30,11246,133
30,11859,2
30,12627,2
30,16180,38
30,16786,42
30,16978,14
30,18978,1
30,19828,19
31,9821,53
31,12048,29
31,12110,63
31,12138,2
31,13147,1
31,18315,6
32,114,3
32,2431,14
32,5230,2
32,9821,3
32,12263,1
32,12827,38
32,13312,39
32,15380,5
32,15465,10
32,16180,15
32,18964,55
33,51,4
33,896,5
33,1290,3
33,1336,125
33,1342,2
33,1613,8
33,1683,1
33,1755,3
33,2885,1
33,2925,14
33,3796,10
33,3914,2
33,4076,2
33,4652,2
33,5695,2
33,5844,1
33,6356,25
33,6414,19
33,7153,20
33,7224,6
33,7260,1
33,7363,8
33,7533,1
33,7663,8
33,7763,20
33,8991,2
33,9073,2
33,9288,1
33,9523,6
33,9752,2
33,9821,7
33,9950,5
33,10112,2
33,10685,2
33,10926,8
33,10933,3
33,11539,17
33,11748,1
33,12269,72
33,12422,3
33,12495,10
33,13217,2
33,13240,1
33,13317,4
33,13666,1
33,13988,1
33,14312,4
33,14479,32
33,14490,1
33,14770,16
33,14804,79
33,15048,8
33,15072,19
33,15227,25
33,15437,2
33,15891,2
33,16180,5
33,16498,3
33,16697,4
33,16848,27
33,17131,31
33,17403,11
33,17657,13
33,17771,16
33,18081,4
33,18650,49
33,18682,6
33,18964,12
33,19182,86
33,19221,8
33,19609,10
33,19626,9
34,550,3
34,1342,92
34,1643,50
34,3174,3
34,4076,2
34,4465,4
34,5565,56
34,5844,18
34,6040,4
34,6721,2
34,8319,10
34,9096,14
34,9156,3
34,9821,63
34,11998,3
34,13240,8
34,14092,1
34,15048,1
34,16107,1
34,16180,5
34,16470,1
34,18081,68
34,18650,5
35,295,1
35,438,52
35,600,2
35,605,3
35,792,5
35,1032,17
35,1461,12
35,1633,3
35,1766,1
35,1970,3
35,2309,5
35,2599,12
35,2756,1
35,2804,7
35,2925,17
35,3109,6
35,3278,14
35,3503,1
35,3914,79
35,3993,3
35,4076,1
35,4953,1
35,5004,37
35,5065,22
35,5415,6
35,5430,21
35,5600,2
35,5787,23
35,5844,3
35,6475,8
35,6497,3
35,7062,3
35,7260,31
35,8165,607
35,8404,10
35,8645,13
35,8945,1
35,9024,3
35,9064,22
35,9156,10
35,9303,5
35,9461,1
35,9541,60
35,9613,10
35,9821,165
35,9976,2
35,10183,4
35,10237,6
35,10260,10
35,10275,2
35,10279,1
35,10352,16
35,10847,1
35,10933,35
35,11239,5
35,11246,41
35,11777,1
35,11779,197
35,11854,17
35,11998,5
35,12110,8
35,12148,5
35,12495,7
35,12780,8
35,13033,3
35,13160,207
35,13240,67
35,13506,2
35,14454,1
35,14647,13
35,14770,22
35,14842,137
35,15134,13
35,15237,2
35,15429,1
35,15818,4
35,15891,2
35,15910,4
35,16107,1
35,16180,30
35,16331,1
35,16953,6
35,17158,4
35,18081,37
35,18291,2
35,18853,176
35,18949,3
35,19022,4
35,19142,9
35,19647,1
35,19653,2
35,19680,24
35,19718,2
35,19799,4
36,3143,5
36,5477,1
36,10592,10
36,17403,1
37,600,3
37,1679,15
37,9613,4
37,10352,366
37,14006,2
37,16180,5
37,19626,1
37,19875,5
38,3143,6
38,4076,3
38,4556,5
38,4924,15
38,5503,2
38,5844,1
38,8975,2
38,9821,3
38,10743,62
38,11097,34
38,11246,5
38,12827,10
38,13256,205
38,16180,8
38,16266,8
38,18081,3
38,18190,9
38,18291,20
39,32,4
39,182,338
39,394,2
39,2431,1
39,2756,16
39,4027,2
39,4170,3
39,4223,65
39,5844,4
39,6303,2
39,6721,9
39,7581,1
39,9821,706
39,10392,4
39,10413,15
39,11246,154
39,11486,5
39,11542,2
39,11986,7
39,12110,11
39,15616,4
39,16180,53
39,16544,5
39,18824,2
39,19792,3
40,807,157
40,2431,11
40,2756,12
40,4076,5
40,5844,3
40,6311,5
40,6922,7
40,9518,12
40,9821,3
40,14470,10
40,19328,2
41,938,35
41,2083,1
41,3267,30
41,3547,7
41,3854,6
41,4255,4
41,4331,3
41,4521,4
41,4794,8
41,5844,4
41,6487,83
41,6686,1
41,7037,1
41,9821,17
41,11998,7
41,12096,19
41,12138,8
41,12649,99
41,14470,1
41,14626,3
41,15293,2
41,15333,2
41,15424,2
41,15592,302
41,16180,7
41,16757,3
41,18340,16
42,2267,12
42,5092,1
42,5844,211
42,6686,6
42,7402,663
42,8038,2
42,8431,1
42,9207,4
42,9288,3
42,9541,1
42,9821,10
42,11244,59
42,11486,3
42,12185,2
42,12245,3
42,13240,1
42,13778,23
42,13811,3
42,14843,3
42,15397,6
42,16180,5
42,16331,5
42,16697,79
42,18081,19
42,19022,1
42,19142,11
42,19281,14
43,1766,11
43,11556,35
43,15307,14
44,211,111
44,608,6
44,817,18
44,1150,2
44,1875,2
44,3479,4
44,5787,2
44,5844,3
44,6223,1
44,7124,29
44,9480,16
44,9821,10
44,10331,13
44,11508,6
44,12121,1
44,12923,8
44,13506,18
44,15827,8
44,16290,3
44,17158,3
44,18027,1
44,18317,4
44,19022,8
44,19295,10
44,19740,11
45,51,8
45,605,3
45,735,5
45,932,15
45,1861,2
45,1996,3
45,2925,8
45,3387,1
45,5565,43
45,6908,1
45,7045,2
45,7062,4
45,7153,2
45,8317,22
45,9821,3
45,9957,24
45,10540,5
45,10896,1
45,11715,4
45,11967,6
45,12048,1
45,12143,2
45,12185,2
45,13256,1
45,13469,1
45,13911,1
45,14006,6
45,14490,2
45,14889,3
45,14985,12
45,15227,2
45,16180,5
45,16288,6
45,18762,3
45,19022,2
46,1614,4
46,1633,4
46,3181,26
46,4218,8
46,5585,103
46,6167,1
46,7482,2
46,9613,35
46,10260,3
46,10352,442
46,13506,193
46,14338,4
46,15072,27
46,16448,2
46,19010,3
46,19022,6
47,11246,10
47,13728,11
48,81,6
48,3647,3
48,3745,25
48,5844,1
48,9738,8
48,9821,10
48,9827,1
48,15134,3
48,18190,8
49,820,12
49,1469,1
49,1633,5
49,1755,7
49,1767,244
49,2925,4
49,3180,48
49,4076,1
49,4408,29
49,6040,1
49,6414,2
49,9821,89
49,13240,103
49,14006,4
49,15899,2
49,16479,36
49,16591,5
49,19684,1
49,19718,3
50,104,1
50,9821,10
50,12495,5
50,15592,4
50,19119,20
51,1342,2
51,3387,1
51,3547,2
51,3580,3
51,5230,3
51,6689,8
51,7045,7
51,7362,23
51,7422,8
51,8431,4
51,9461,1
51,9613,8
51,9821,26
51,9845,5
51,10112,11
51,11609,9
51,12138,32
51,12204,6
51,12255,9
51,12602,3
51,13435,30
51,13526,1
51,14490,2
51,15990,77
51,16786,478
51,17686,3
51,18064,7
51,19144,5
51,19269,2
51,19521,46
52,32,1
52,999,1
52,1392,3
52,1633,13
52,1641,2
52,1982,2
52,3143,8
52,4953,3
52,5844,16
52,6686,404
52,7045,1
52,7115,1
52,7378,5
52,7663,10
52,9821,17
52,10370,1
52,10933,5
52,11136,12
52,11187,2
52,13240,4
52,14478,2
52,16180,3
52,17131,16
52,17158,10
52,17345,9
53,1461,8
53,2454,29
53,4644,42
53,6311,19
53,7642,5
53,9821,158
53,11136,2
53,12149,4
53,13240,3
53,13728,14
53,15592,15
53,16008,4
53,16591,27
53,18949,1
54,829,3
54,938,1
54,1903,8
54,2522,2
54,3395,5
54,5723,7
54,5795,2
54,5844,4
54,12827,4
54,15226,11
54,16180,2
54,16953,5
55,27,19
55,104,3
55,460,5
55,605,137
55,1284,14
55,1627,280
55,1982,19
55,2267,1
55,6529,7
55,7188,9
55,7260,7
55,9821,3
55,9864,3
55,12495,5
55,14859,1
56,3448,2
56,7224,4
56,9613,1
56,9821,7
56,11998,9
56,13182,19
56,13877,15
56,16269,36
56,17131,1
56,18682,2
56,19269,3
56,19423,121
57,1918,2
57,9821,13
57,11247,1
58,4076,1
58,6696,2
58,8319,45
58,8631,1
58,9821,3
58,15318,21
58,15424,3
58,16180,27
59,1982,2
59,2590,3
59,5565,81
59,5695,1
59,7567,2
59,8051,3
59,8975,1
59,9523,3
59,9821,26
59,14490,1
59,17686,2
59,18190,15
59,19009,2
60,63,5
60,1446,188
60,1633,71
60,2606,1
60,2630,1
60,2925,1
60,3580,3
60,3590,10
60,3796,2
60,4076,12
60,5450,179
60,5891,2
60,6003,84
60,6414,49
60,6487,2
60,7062,3
60,7673,1
60,7763,1
60,7768,2
60,8094,3
60,9461,5
60,9613,3
60,9821,76
60,10237,2
60,10352,3
60,11246,3
60,11468,6
60,11539,22
60,11542,7
60,11810,13
60,12495,1
60,12602,3
60,13240,11
60,13538,20
60,13563,1
60,14602,3
60,14647,40
60,14770,4
60,15072,95
60,15899,14
60,15966,4
60,16591,6
60,16598,1
60,16757,1
60,17561,3
60,18682,49
60,19010,5
60,19182,2
60,19704,1
60,19718,7
61,820,3
61,2530,4
61,2699,6
61,2775,10
61,3143,3
61,4076,235
61,5479,2
61,5969,1
61,9096,7
61,9518,2
61,9821,46
61,10856,30
61,11171,2
61,11486,53
61,12096,11
61,12530,11
61,12602,1
61,14770,15
61,16107,8
61,16180,41
61,17158,36
61,18081,24
61,19524,4
61,19718,3
62,51,26
62,290,153
62,296,19
62,393,44
62,447,3
62,1095,2
62,2379,1
62,2599,1
62,2885,3
62,3109,15
62,3796,8
62,3876,3
62,4114,16
62,4218,9
62,4418,2
62,4666,3
62,5922,10
62,6908,4
62,6939,2
62,7281,2
62,7331,10
62,7942,2
62,8431,30
62,9024,1
62,9403,73
62,9821,86
62,10279,70
62,10685,1
62,10916,1
62,10936,54
62,11246,4
62,12420,28
62,12427,2
62,13033,2
62,13240,3
62,13728,22
62,14066,3
62,14364,1
62,15048,2
62,15199,3
62,16112,4
62,16180,13
62,17158,8
62,17223,7
62,17323,1
62,17686,54
62,17917,2
62,18317,9
62,18551,4
62,19322,3
62,19490,2
62,19704,6
63,5450,21
63,5845,6
63,11986,34
64,81,16
64,3387,2
64,4076,15
64,9821,23
64,11246,4
64,11998,2
64,15072,4
64,18190,3
65,15,18
65,27,27
65,290,14
65,613,3
65,638,1
65,673,2
65,1317,16
65,1342,146
65,1461,33
65,1641,92
65,2599,4
65,2795,3
65,2925,29
65,3146,1
65,3169,2
65,3267,10
65,3580,4
65,4218,1
65,4399,12
65,4617,3
65,4650,8
65,4751,5
65,4876,4
65,5230,250
65,5430,1
65,5459,1
65,5477,16
65,5583,7
65,5794,1
65,5844,11
65,5998,13
65,6311,8
65,6859,50
65,7062,1
65,7260,2
65,7642,14
65,8431,7
65,8832,4
65,9024,1
65,9136,37
65,9620,2
65,9821,33
65,9864,1
65,10024,2
65,10352,7
65,10743,142
65,10847,12
65,10853,1
65,10896,2
65,11244,1
65,11246,6
65,11458,6
65,11556,3
65,12048,9
65,12255,5
65,12495,1
65,12530,9
65,12641,2
65,12827,33
65,13240,10
65,13728,2
65,13841,3
65,13988,2
65,14058,134
65,14479,5
65,14610,3
65,14626,54
65,15048,33
65,15174,1
65,15257,2
65,15429,13
65,16107,2
65,16180,3
65,16269,3
65,16398,17
65,16597,4
65,16774,12
65,17044,4
65,17109,5
65,17158,5
65,17588,1
65,17686,497
65,17821,41
65,17829,7
65,17946,6
65,17988,1
65,18132,2
65,18268,32
65,18272,21
65,18734,2
65,18925,7
65,18949,2
65,19022,2
65,19144,4
65,19697,1
66,6040,11
66,10260,2
66,12649,1
66,13240,21
66,14006,97
66,15174,18
67,3503,10
67,4296,5
67,13240,6
67,18262,9
67,19022,21
67,19647,5
68,1150,24
68,4418,11
68,6908,25
68,7595,32
68,9821,82
68,10973,2
68,13240,3
68,15072,57
68,16180,2
69,114,15
69,116,2
69,197,8
69,201,27
69,274,31
69,295,1
69,513,3
69,550,6
69,735,14
69,927,3
69,1023,11
69,1342,1
69,1469,1
69,1918,2
69,1996,20
69,2213,4
69,2590,17
69,2599,11
69,2901,174
69,3143,106
69,3448,7
69,3474,11
69,3667,12
69,3875,32
69,4076,2
69,4114,1
69,4218,2
69,4326,2
69,4639,2
69,4751,4
69,5230,4
69,5450,10
69,5844,103
69,6282,3
69,6475,8
69,6821,2
69,7224,2
69,7736,1
69,8361,23
69,8404,8
69,8991,7
69,9168,3
69,9613,104
69,9821,3
69,10352,4
69,10847,8
69,11486,1
69,11504,3
69,11508,19
69,11539,11
69,11676,4
69,11810,4
69,12152,5
69,12263,1
69,12314,3
69,12372,7
69,12652,3
69,12804,2
69,13184,26
69,13240,7
69,13318,4
69,13327,2
69,13600,8
69,14340,12
69,14479,9
69,14859,4
69,15048,2
69,15619,55
69,15925,1
69,15983,77
69,16180,23
69,16269,2
69,16290,32
69,16591,1
69,16669,3
69,17034,76
69,17295,3
69,17403,6
69,17686,17
69,18467,3
69,18643,1
69,18680,1
69,18994,1
69,19022,12
69,19193,23
69,19221,1
69,19269,2
69,19340,1
69,19521,6
69,19716,4
70,6689,10
70,7062,1
70,8319,634
70,9821,7
70,12048,200
70,18081,27
71,1290,4
71,1501,4
71,1679,4
71,1903,14
71,4016,3
71,5479,24
71,5844,64
71,6311,2
71,7876,1
71,9821,59
71,11998,4
71,12048,3
71,12096,24
71,12149,29
71,12184,1
71,12300,68
71,15285,2
71,15827,1
71,16495,4
71,17403,1
71,19647,4
72,613,8
72,5450,44
72,5762,2
72,5844,5
72,7281,3
72,8974,96
72,9821,3
72,10352,22
72,13439,16
72,13563,3
72,14479,175
72,14757,1
72,15365,1
72,15616,11
72,16180,12
72,16838,1
72,17323,104
72,19142,1
73,14314,35
73,19533,1
74,1044,353
74,3143,6
74,3503,3
74,3547,9
74,4079,1
74,5065,3
74,5844,5
74,7145,5
74,15397,204
74,18081,4
74,19535,2
74,19740,9
75,651,96
75,1336,8
75,10671,18
75,12149,1
75,13240,7
75,15174,8
75,15592,6
76,104,65
76,594,1
76,1336,3
76,1446,32
76,3015,2
76,3174,2
76,4076,4
76,4924,3
76,5004,9
76,5844,1
76,6908,1
76,7037,17
76,8397,3
76,8823,33
76,9428,17
76,9821,59
76,12185,6
76,13363,5
76,13889,3
76,15514,2
76,16180,8
76,16352,4
76,17989,2
76,18579,1
77,513,2
77,550,30
77,605,4
77,1446,11
77,1470,2
77,2015,3
77,2621,30
77,2679,3
77,2925,6
77,3143,135
77,3474,6
77,3638,1
77,3647,23
77,3790,1
77,4521,144
77,4744,4
77,4924,2
77,5415,8
77,5695,5
77,5844,1
77,6040,11
77,6217,4
77,7257,2
77,7281,19
77,7876,16
77,9168,12
77,9394,19
77,9613,8
77,9821,482
77,10024,2
77,10279,1
77,10352,25
77,10671,33
77,10896,3
77,11244,2
77,11946,5
77,12110,6
77,12192,1
77,12420,51
77,12495,86
77,12676,6
77,12827,12
77,13995,88
77,14338,1
77,14369,7
77,14843,5
77,14906,3
77,14985,3
77,15429,9
77,15565,7
77,15818,2
77,15823,4
77,16180,2
77,16269,6
77,16288,2
77,16331,2
77,16598,2
77,16669,2
77,16968,12
77,17045,4
77,17686,17
77,17751,3
77,18081,26
77,18291,14
77,18628,7
77,18800,22
77,19524,3
77,19792,3
78,1032,16
78,1508,16
78,4074,2
78,9620,5
78,9821,1297
78,11486,14
78,16331,11
78,16752,161
78,19521,49
79,1931,3
79,4076,5
79,9864,3
79,12184,10
79,12255,6
79,13563,4
79,14712,55
79,16757,4
79,19644,13
80,22,9
80,104,7
80,197,317
80,295,45
80,550,2
80,594,2
80,600,79
80,726,8
80,792,19
80,901,9
80,927,2
80,1446,5
80,1508,256
80,1641,2
80,1982,2
80,2108,1
80,2126,13
80,2431,29
80,2606,17
80,2679,11
80,2853,9
80,2992,5
80,3387,36
80,3547,3
80,3573,3
80,3580,11
80,3590,4
80,3667,1
80,3796,1
80,3874,4
80,3914,100
80,3973,3
80,4076,5
80,4079,3
80,4114,12
80,4262,1
80,4399,2
80,4490,8
80,4521,3
80,4556,1
80,4583,7
80,4664,15
80,4674,6
80,4924,8
80,4938,2
80,5450,22
80,5583,14
80,5844,12
80,5852,40
80,5998,1
80,6217,34
80,6223,3
80,6311,1
80,6341,56
80,6356,1
80,6475,4
80,6625,17
80,6908,14
80,7037,58
80,7078,77
80,7224,21
80,7281,4
80,7736,21
80,8279,8
80,8319,7
80,8431,5
80,9024,3
80,9025,4
80,9038,37
80,9156,1
80,9168,5
80,9288,14
80,9518,20
80,9752,1
80,9821,3
80,9950,6
80,9957,6
80,10260,10
80,10331,6
80,10352,1
80,10413,22
80,10469,10
80,10618,34
80,10671,43
80,10743,13
80,10847,71
80,10916,83
80,11107,19
80,11246,11
80,11284,48
80,11539,6
80,11556,1
80,11779,3
80,11798,26
80,11815,1
80,11986,2
80,11998,5
80,12138,1
80,12187,45
80,12210,3
80,12495,1
80,12530,4
80,12602,11
80,13182,2
80,13240,20
80,13317,4
80,13466,2
80,13506,4
80,13889,7
80,14006,16
80,14338,17
80,14340,2
80,14347,21
80,14479,25
80,14843,3
80,14859,2
80,15048,2
80,15149,2
80,15318,7
80,15394,3
80,15429,2
80,15465,1
80,15565,1
80,16112,17
80,16180,3
80,16288,4
80,16352,9
80,16591,12
80,16848,2
80,17059,1
80,17158,3
80,17393,3
80,17457,4
80,17555,4
80,17603,5
80,17686,15
80,18081,6
80,18158,13
80,18262,3
80,18272,9
80,18291,13
80,18317,4
80,18949,1
80,19022,11
80,19255,2
80,19328,2
80,19538,2
80,19544,28
80,19626,304
81,1241,1
81,5479,46
81,7224,2
81,7444,1
81,9821,76
81,17059,88
82,613,11
82,1508,1
82,9821,40
83,513,1
83,788,37
83,1244,11
83,2214,159
83,2947,12
83,3667,6
83,4076,29
83,4255,14
83,4521,11
83,4893,42
83,5787,310
83,5844,5
83,6487,8
83,6513,8
83,7153,4
83,8431,41
83,8994,93
83,9096,2
83,9102,324
83,9613,13
83,9821,46
83,10413,1
83,10592,43
83,10718,4
83,10743,9
83,10916,16
83,11085,6
83,11246,24
83,11810,1
83,12556,1
83,13240,1
83,13317,5
83,13396,1
83,14092,2
83,14449,3
83,15424,24
83,15434,1
83,15592,3
83,15639,3
83,15990,17
83,16180,3
83,16479,1
83,16711,2
83,17158,2
83,17452,12
83,18081,2
83,18228,28
83,18994,3
84,5998,24
84,9821,26
84,11401,1
84,13563,3
84,14219,6
84,14935,16
84,15227,4
84,15747,12
84,15890,1
84,16697,1
84,19718,15
85,2885,3
85,8397,53
85,8561,3
85,9168,4
85,9821,23
85,11312,1
85,13420,9
85,14273,4
85,14610,5
85,15397,3
85,15823,3
85,16107,3
85,16180,176
85,16912,24
85,17461,2
85,17686,5
86,51,80
86,63,2
86,116,1
86,447,3
86,594,14
86,861,1
86,901,4
86,1446,10
86,1461,8
86,1504,1
86,1576,9
86,1641,5
86,1778,55
86,1834,14
86,2530,2
86,2606,3
86,2787,17
86,2885,1
86,2925,9
86,2944,4
86,3547,470
86,3647,2
86,3659,2
86,3667,2
86,3985,4
86,4076,122
86,4331,32
86,4418,8
86,4521,1
86,4794,40
86,5065,1
86,5152,2
86,5181,3
86,5230,4
86,5329,8
86,5450,10
86,5844,1
86,6048,4
86,6096,3
86,6241,2
86,6356,23
86,7037,109
86,8559,28
86,8991,4
86,9024,23
86,9038,17
86,9096,1
86,9247,7
86,9613,2
86,9821,10
86,9851,51
86,10279,176
86,10331,20
86,10352,3
86,10639,198
86,10671,1
86,10743,17
86,10916,3
86,11085,1
86,11136,2
86,11187,1
86,11246,223
86,11775,1
86,11815,1
86,11816,3
86,11859,2
86,11956,21
86,11998,14
86,12048,61
86,12185,1
86,12228,1
86,12346,50
86,12427,5
86,12641,1
86,12780,1
86,13240,6
86,13435,1
86,13889,5
86,14006,2
86,14035,1
86,14223,83
86,14300,8
86,14338,3
86,14380,1
86,14470,11
86,14529,1
86,14859,2
86,15048,1
86,15173,2
86,16112,5
86,16180,50
86,16631,16
86,16799,98
86,17059,1
86,17323,2
86,17509,3
86,17751,11
86,17988,25
86,18081,25
86,18174,2
86,18252,5
86,18291,3
86,18317,5
86,18680,6
86,18785,22
86,18994,2
86,19022,1
86,19119,3
86,19328,5
86,19609,3
86,19697,3
86,19716,32
87,6908,4
87,12187,19
87,18709,2
88,4255,1
88,6040,21
88,7062,20
88,8681,2
88,9821,20
88,10432,6
88,12184,1
88,14626,13
88,16180,3
88,18340,26
89,5565,708
89,17345,2
89,19626,39
90,2925,37
90,6410,2
90,7942,17
90,9821,132
90,11246,4
90,11810,23
90,14606,2
90,15063,3
90,15287,3
90,16180,35
90,16303,64
90,16687,11
90,16855,1
90,17403,2
90,18551,6
90,18785,4
90,19341,3
91,3547,2
91,4223,1
91,4669,9
91,9821,13
91,12110,8
91,12641,5
91,15891,3
92,5844,7
92,7281,12
92,10973,6
92,14580,1
93,273,57
93,1216,10
93,1722,47
93,2261,3
93,3098,1
93,3998,5
93,4076,26
93,6241,1
93,8020,2
93,9402,11
93,9613,1
93,9821,53
93,10432,23
93,10469,27
93,10592,3
93,11246,3
93,11604,4
93,12484,5
93,12530,49
93,12727,7
93,12783,2
93,13240,34
93,14769,1
93,16180,3
93,19221,2
94,4326,5
94,6247,7
94,9247,4
94,9821,40
94,13240,7
94,13889,24
94,15048,7
94,16180,145
94,16290,23
94,17295,1
94,17323,6
94,18190,1
95,3681,9
95,4218,1
95,9821,82
96,1996,202
96,11064,12
96,15573,1
96,17670,1
97,1336,23
97,3448,2
97,5844,12
97,7444,9
97,8645,2
97,8786,2
97,9247,1
97,9613,2
97,9821,13
97,12138,2
97,15592,7
97,16203,7
97,17566,204
97,18132,18
97,18134,20
98,7723,9
98,11986,6
99,1216,12
99,4924,25
99,5844,3
99,7037,4
99,7131,2
99,8991,7
99,9402,4
99,9821,7
99,11246,3
99,12495,2
99,13240,10
99,14470,8
99,16180,20
99,18964,12
99,19162,2
100,360,1
100,594,1
100,820,2
100,1469,5
100,1619,1
100,2454,2
100,3098,15
100,3202,1
100,3387,19
100,3961,9
100,4076,2
100,4298,23
100,5030,3
100,5230,73
100,5844,20
100,5918,19
100,6048,7
100,7037,5
100,8279,2
100,8431,30
100,8945,5
100,9024,2
100,9613,1
100,9821,76
100,10352,16
100,10432,18
100,10718,1
100,10933,4
100,11284,18
100,11312,5
100,12138,28
100,12676,2
100,13240,3
100,14431,1
100,14606,6
100,14859,144
100,15910,10
100,16180,23
100,16269,3
100,16919,50
100,17588,97
100,18011,11
100,18081,2
100,18317,14
100,18734,10
100,19680,13
101,2811,205
101,2925,1
101,5844,9
101,6247,1
101,7725,6
101,9523,15
101,9821,36
101,10352,18
101,11798,2
101,12495,18
101,13240,1
101,13420,24
101,13563,5
101,13877,1
101,14035,9
101,14092,3
101,14804,1
101,14889,3
101,16180,138
101,18081,163
101,18291,19
101,18317,1
101,19684,8
102,2213,41
102,3667,7
102,4255,2
102,7587,1
102,17158,2
102,17403,1
103,3474,4
103,3547,36
103,4751,1
103,7281,6
103,8645,37
103,9428,3
103,9821,23
103,10538,3
103,12300,14
103,12495,24
103,15048,1
103,15949,28
103,16180,2
103,17403,4
103,19162,3
103,19792,4
104,9821,53
104,15424,3
104,16180,3
105,201,3
105,360,3
105,1918,2
105,5844,8
105,6031,9
105,7062,43
105,9096,19
105,9821,7
105,10279,3
105,11097,3
105,11170,2
105,17131,468
105,17393,11
105,18317,13
106,145,105
106,8393,19
106,9821,3
106,11244,3
106,12185,3
106,14804,2
106,15478,16
106,17588,1
106,18158,17
107,938,4
107,5230,9
107,12174,1
107,12192,1
108,114,3
108,2346,2
108,4255,124
108,4280,4
108,4473,1
108,6696,31
108,8945,2
108,9821,26
108,10671,8
108,11085,16
108,11246,1
108,11539,1
108,12210,19
108,12495,105
108,12641,21
108,13240,1
108,15429,13
108,16598,4
108,17044,9
108,18680,3
108,19269,57
108,19521,10
109,15237,19
109,16180,20
110,12804,2
110,13240,3
110,16269,2
110,18315,2
111,2925,2
111,5844,1
111,17603,1
111,18268,2
112,1469,9
112,6627,30
112,9821,135
112,10916,6
112,15429,40
112,15925,19
112,19142,3
113,447,21
113,3172,1
113,3503,1
113,3580,12
113,4521,48
113,4556,2
113,5004,3
113,5565,23
113,6167,1
113,7045,2
113,7124,98
113,7168,57
113,7763,8
113,8090,13
113,8830,4
113,9168,186
113,9403,6
113,9821,3
113,10237,110
113,10279,4
113,10685,1
113,10826,2
113,11504,2
113,11779,2
113,12556,9
113,12780,16
113,12827,2
113,13240,4
113,13563,2
113,14006,1
113,14483,3
113,14513,6
113,14668,130
113,15685,14
113,15827,139
113,15910,2
113,15925,2
113,15983,13
113,16180,3
113,17158,67
113,17771,3
113,18291,1
113,18551,13
113,19655,2
114,104,10
114,1392,10
114,2590,7
114,3174,1
114,3547,7
114,4420,1
114,5168,5
114,5450,1
114,5844,27
114,6202,2
114,7062,2
114,7281,16
114,8561,1
114,8681,17
114,9821,13
114,10268,4
114,10743,3
114,11246,3
114,12827,3
114,15048,62
114,15639,1
114,16090,1
114,16107,1
114,16180,10
114,18081,14
114,19644,2
115,201,16
115,735,1
115,1970,11
115,2473,11
115,4953,9
115,5998,1
115,7257,1
115,8397,6
115,9821,17
115,10260,7
115,13065,130
115,13240,45
115,18861,1
116,938,20
116,1861,24
116,2430,2
116,4218,12
116,5844,3
116,7153,15
116,9821,36
116,11676,2
116,13435,13
116,14449,1
116,15940,2
116,16479,3
116,18964,6
117,1996,37
117,3169,6
117,3624,3
117,9821,23
117,11064,15
117,12495,1
117,14470,12
117,15628,1
117,15857,39
117,16180,10
117,18268,3
117,18551,1
118,116,7
118,218,20
118,1023,2
118,1392,3
118,2050,2
118,2267,4
118,2309,11
118,2756,11
118,3491,1
118,3580,3
118,4080,2
118,4491,1
118,4516,6
118,4916,26
118,5477,5
118,5787,7
118,5844,1
118,6223,3
118,6311,34
118,6686,1
118,7037,49
118,7145,1
118,7260,1
118,7422,46
118,7736,4
118,8945,4
118,9821,7
118,10148,2
118,11811,2
118,12495,16
118,13240,4
118,13312,1
118,14340,7
118,14347,2
118,14707,2
118,14804,8
118,14859,3
118,15048,4
118,15304,2
118,16180,176
118,18081,1
118,19009,17
118,19022,1
118,19119,10
118,19593,5
118,19626,8
118,19704,3
119,6247,7
119,11504,13
120,32,4
120,198,2
120,2371,1
120,3985,64
120,5844,5
120,6019,1
120,7845,1
120,8991,132
120,9821,897
120,10331,2
120,12184,1
120,12495,71
120,12783,2
120,13182,6
120,13240,3
120,13256,9
120,15424,1
120,15437,2
120,16180,2
120,16448,5
120,16953,1
120,17158,32
120,17323,2
120,17988,3
120,18261,16
120,18317,39
121,1336,2
121,1416,2
121,4916,3
121,5844,5
121,13256,5
121,16938,31
121,18268,2
122,673,1
122,861,2
122,1469,1
122,2901,2
122,3854,3
122,5477,49
122,5844,1
122,5998,3
122,7482,16
122,8461,5
122,9821,63
122,10275,3
122,11246,6
122,12341,2
122,13240,1
122,13256,3
122,14338,14
122,16180,15
122,18252,21
122,19792,1
123,999,2
123,1032,2
123,1336,4
123,1931,1
123,1982,3
123,4188,1
123,5844,31
123,6686,11
123,9620,1
123,9821,3
123,10933,20
123,13312,18
123,14006,11
123,15429,3
123,16180,2
123,17036,2
123,17980,1
123,18081,3
123,19609,33
123,19684,1
124,22,1
124,32,8
124,861,2
124,1032,13
124,1336,4
124,1613,2
124,4074,1
124,4076,21
124,4666,7
124,6721,2
124,9821,33
124,11003,7
124,11246,1
124,12423,21
124,12495,24
124,14479,1
124,15048,7
124,16180,22
124,16290,6
124,16669,1
124,16953,492
124,18081,154
124,18252,2
124,18317,3
124,19593,10
125,503,2
125,605,31
125,1336,16
125,1722,1
125,3646,8
125,3796,12
125,4076,13
125,4953,1
125,5397,2
125,5583,45
125,5844,3
125,5922,89
125,5932,6
125,5998,4
125,6286,26
125,6562,1
125,6886,43
125,6908,6
125,7444,1
125,8561,2
125,9025,3
125,9821,23
125,10260,7
125,10352,16
125,10973,4
125,11246,2
125,11507,2
125,11998,1
125,13182,4
125,13240,1
125,13346,2
125,13396,6
125,13563,6
125,13681,4
125,13889,41
125,14470,2
125,14842,1
125,14889,13
125,15199,4
125,15434,3
125,15628,20
125,15685,10
125,15818,1
125,15839,10
125,16180,13
125,16470,1
125,16544,2
125,16799,319
125,17045,4
125,17158,11
125,17686,1
125,18315,165
125,18922,3
125,18994,3
125,19022,10
125,19144,42
125,19412,4
125,19680,111
126,114,1
126,4170,36
126,18081,1
127,32,1
127,1342,1
127,1918,1
127,2454,16
127,4218,106
127,4255,1
127,5030,9
127,5626,75
127,5794,386
127,6031,3
127,7779,2
127,7845,26
127,8051,9
127,8404,8
127,9613,42
127,9821,3
127,11246,3
127,11631,2
127,12138,3
127,13240,7
127,13256,24
127,14058,2
127,16591,4
127,16697,1
127,17036,3
127,17158,5
127,18011,10
127,18252,2
127,18628,9
127,19043,68
127,19144,8
127,19370,4
127,19535,7
128,104,12
128,755,47
128,1150,1
128,4076,3
128,4521,3
128,6874,10
128,10896,1
128,16180,10
128,18268,2
128,19022,17
128,19626,1
129,1996,1
129,9821,7
129,10711,3
129,14006,4
129,14300,2
129,14626,3
129,17158,19
129,19221,2
130,32,5
130,600,8
130,613,4
130,1023,4
130,1173,3
130,1336,4
130,1722,2
130,1918,1
130,2756,2
130,2925,20
130,3146,3
130,3281,6
130,3474,2
130,3547,11
130,3580,1
130,3624,5
130,3985,7
130,4255,7
130,4521,5
130,4751,3
130,5397,3
130,5695,2
130,5824,1
130,5844,24
130,5885,11
130,5969,6
130,6276,37
130,7029,7
130,7062,22
130,9025,5
130,9114,1
130,9168,22
130,9523,5
130,9667,2
130,9821,3
130,9864,14
130,10352,3
130,10415,1
130,10432,2
130,10565,3
130,10926,2
130,10933,13
130,10936,3
130,11171,9
130,11318,1
130,11486,3
130,11510,7
130,11715,16
130,11718,71
130,11775,94
130,11986,20
130,12530,83
130,12641,2
130,13240,39
130,13396,45
130,13435,2
130,13889,3
130,14006,86
130,14037,5
130,14130,8
130,14770,3
130,14859,7
130,15023,2
130,15048,4
130,15397,1
130,15429,12
130,15565,4
130,15818,21
130,15890,7
130,15949,1
130,16180,10
130,16269,3
130,16331,2
130,16697,32
130,16786,103
130,17223,5
130,17413,2
130,17670,111
130,17771,3
130,17780,10
130,18081,6
130,18272,1
130,18291,2
130,18551,1
130,18824,21
130,19097,56
130,19142,1
130,19204,10
130,19221,7
130,19626,1
130,19680,25
130,19799,2
131,404,4
131,1504,11
131,3336,10
131,3985,1
131,4497,2
131,4639,46
131,5844,18
131,6921,1
131,7037,16
131,8991,393
131,9064,2
131,9821,36
131,10685,21
131,11246,1
131,11539,34
131,13256,2
131,14470,6
131,15380,4
131,15512,2
131,16180,55
131,16256,1
131,17045,11
131,18204,1
131,18579,2
132,829,3
132,3143,8
132,3278,1
132,11486,10
132,16180,88
132,19119,14
132,19221,4
132,19478,6
133,404,5
133,2599,10
133,4091,2
133,5844,11
133,6529,2
133,6625,76
133,6944,98
133,7037,3
133,7845,18
133,8042,2
133,8295,2
133,9821,10
133,10279,1
133,10352,38
133,11246,33
133,11779,3
133,11792,33
133,13240,6
133,13396,7
133,14347,55
133,14602,3
133,15199,4
133,15740,19
133,16180,5
133,17403,3
133,17814,5
133,18027,13
133,18317,21
133,18437,3
133,18964,2
133,19022,1
134,829,5
134,2015,4
134,2811,2
134,3993,74
134,7422,14
134,9518,3
134,10183,4
134,12200,9
134,13312,10
134,14380,7
134,17686,127
135,296,14
135,3875,6
135,9821,17
135,12923,2
135,16470,3
135,17323,4
135,18081,8
135,19022,2
136,820,10
136,5844,228
136,9821,13
136,12184,2
136,13850,3
136,16180,2
136,17413,2
137,114,1
137,4418,19
137,5998,43
137,6898,12
137,10007,29
137,11136,7
137,11986,2
137,12530,1
137,13240,3
137,13445,26
137,14130,64
137,15048,106
137,15740,3
137,16180,2
137,17295,79
137,18081,24
138,3479,2
138,7482,20
138,8431,4
138,9821,7
138,14338,7
138,16180,10
139,1095,1
139,3590,4
139,3796,3
139,4946,3
139,5844,239
139,7062,1
139,9523,8
139,9821,30
139,11870,41
139,11998,1
139,12149,59
139,12245,1
139,14513,11
139,15890,2
140,197,93
140,360,3
140,896,6
140,1032,9
140,1558,7
140,1641,1
140,1834,2
140,3098,1
140,3874,1
140,4076,1
140,4583,1
140,5723,10
140,5844,82
140,5998,2
140,6311,1
140,7124,5
140,7666,1
140,9821,10
140,10743,21
140,11246,6
140,12641,3
140,13240,7
140,13256,4
140,13506,20
140,14347,2
140,14804,7
140,15827,1
140,16953,8
140,19653,2
141,394,2
141,613,3
141,3503,42
141,6356,8
141,6898,5
141,8404,3
141,9541,1
141,9821,3
141,13240,1
141,14544,1
141,14602,36
141,15981,2
141,16180,5
142,22,1
142,51,3
142,81,1
142,114,9
142,296,1
142,594,18
142,724,1
142,874,1
142,1426,2
142,1633,10
142,1641,10
142,1982,8
142,1996,2
142,2431,8
142,2522,1
142,2590,16
142,2811,10
142,3474,11
142,3503,54
142,3580,1
142,3985,4
142,4188,1
142,4223,3
142,4255,43
142,4271,6
142,5450,19
142,5626,5
142,5795,11
142,5844,32
142,6276,2
142,6303,31
142,6908,4
142,7062,25
142,7281,4
142,7723,34
142,8319,1
142,8397,6
142,8991,7
142,9096,2
142,9168,245
142,9207,2
142,9613,2
142,9821,20
142,9973,10
142,10112,2
142,10279,1
142,11246,34
142,11539,10
142,11542,21
142,12185,101
142,12420,32
142,12530,10
142,12780,3
142,12827,5
142,12894,4
142,12937,163
142,13240,1
142,13563,8
142,14006,65
142,14178,26
142,14244,2
142,14314,6
142,15022,3
142,15048,30
142,15072,2
142,15174,4
142,15226,117
142,15307,149
142,15424,3
142,15429,1
142,15592,3
142,16180,2
142,16269,3
142,16534,2
142,17131,29
142,17158,2
142,17771,2
142,18064,17
142,18579,95
142,18814,5
142,18978,7
142,19022,2
142,19119,9
142,19295,44
142,19340,1
142,19626,4
142,19653,3
143,829,19
143,3387,24
143,4076,106
143,5004,5
143,9038,7
143,9821,10
143,10024,2
143,13240,16
143,13506,9
143,13563,130
143,16912,1
143,18268,8
144,244,8
144,735,37
144,901,3
144,1446,3
144,2406,8
144,2787,1
144,4080,2
144,4114,1
144,4326,5
144,5477,12
144,5479,11
144,5565,2
144,5695,5
144,5844,4
144,6311,28
144,7281,99
144,7399,1
144,7581,14
144,7768,21
144,8431,1
144,8991,4
144,9025,3
144,9613,2
144,9821,96
144,10352,9
144,10671,1
144,10743,4
144,10933,27
144,11967,41
144,12121,37
144,12143,5
144,12228,34
144,12245,15
144,12495,99
144,12602,3
144,13312,63
144,14769,5
144,15307,4
144,15429,1
144,16180,23
144,16919,2
144,17295,5
144,18081,17
144,19022,17
144,19119,7
144,19626,19
145,594,2
145,651,21
145,1125,1
145,2016,433
145,3169,9
145,4326,10
145,4846,4
145,4953,3
145,5503,2
145,5723,7
145,7260,5
145,7595,2
145,8319,32
145,8431,2
145,9168,25
145,9620,5
145,9821,198
145,10114,2
145,10352,7
145,11085,1
145,11486,10
145,11733,20
145,11967,2
145,13240,18
145,14006,13
145,15226,28
145,16121,3
145,16180,2
145,16669,2
145,18551,28
145,19142,1
145,19647,2
146,32,11
146,550,10
146,605,8
146,1336,3
146,1342,3
146,1518,32
146,1641,1
146,2454,12
146,3474,42
146,3688,207
146,4076,241
146,4521,3
146,4556,13
146,4583,11
146,4669,8
146,4744,2
146,5313,1
146,5844,62
146,5932,1
146,7124,3
146,7782,6
146,7800,2
146,8994,22
146,9613,3
146,9821,13
146,10352,6
146,11246,10
146,11810,25
146,12641,1
146,12780,59
146,13240,1
146,13988,2
146,14112,21
146,14178,1
146,14580,33
146,15199,7
146,15465,13
146,15478,18
146,15592,17
146,15827,5
146,15883,4
146,15899,1
146,15978,1
146,16180,15
146,16213,1
146,16331,34
146,17158,12
146,17323,1
146,17347,5
146,17988,12
146,18081,10
146,18272,3
146,18317,1
146,19022,40
146,19609,98
147,393,119
147,735,2
147,788,2
147,938,4
147,1446,14
147,1918,10
147,2696,1
147,2756,2
147,3174,3
147,3387,5
147,3667,7
147,3875,116
147,3985,2
147,4666,5
147,4924,2
147,4953,3
147,5583,24
147,5661,1
147,5695,9
147,5787,4
147,5826,1
147,5844,7
147,6223,4
147,6263,1
147,6497,8
147,6874,1
147,6908,12
147,6939,2
147,6947,15
147,7037,11
147,7045,7
147,7124,3
147,7204,1
147,7224,26
147,7422,1
147,7763,12
147,9136,5
147,9303,2
147,9667,7
147,9688,16
147,9821,3
147,9995,15
147,10352,7
147,10432,2
147,10973,5
147,11458,3
147,11539,62
147,11815,1
147,11859,4
147,11986,233
147,12420,6
147,12495,9
147,13240,3
147,13312,3
147,13932,1
147,14006,2
147,14300,33
147,14546,2
147,14580,92
147,14602,4
147,14985,3
147,15226,2
147,15365,3
147,15397,6
147,15429,32
147,15592,1
147,15740,38
147,16180,5
147,16697,2
147,16711,2
147,16968,1
147,17131,17
147,17323,3
147,17403,370
147,17555,1
147,17561,13
147,18081,7
147,18158,17
147,18551,1
147,18949,2
147,19022,25
147,19112,1
147,19119,3
147,19144,2
147,19261,7
147,19412,2
148,9821,7
148,13240,44
149,735,6
149,2925,2
149,6738,6
149,7045,17
149,9821,20
149,10853,2
149,12286,3
149,13240,1
149,13317,2
149,14006,144
149,16180,20
149,16774,7
149,17223,10
149,18315,5
149,19524,3
149,19626,7
150,7078,10
150,7204,9
150,7723,2
150,9821,66
150,9976,3
150,10352,32
150,10933,1
150,12680,15
150,13240,59
150,15424,4
150,15899,1
151,605,4
151,820,9
151,2146,28
151,2885,12
151,9821,23
151,10191,2
151,10352,6
151,13033,34
151,14244,1
151,16180,22
151,18994,2
151,19022,2
151,19704,9
152,447,3
152,4521,11
152,7763,15
152,8645,3
152,10671,1
152,15397,2
152,19328,4
152,19707,9
153,5109,10
153,6356,114
153,11810,1
153,12053,22
153,12096,80
153,15429,65
153,16412,11
154,9821,17
154,9911,7
154,14770,17
154,19493,50
155,1722,3
155,4076,1
155,5998,3
155,7331,2
155,9821,46
155,11676,1
155,11714,51
155,14006,22
155,15305,4
155,16180,2
155,18262,6
155,18272,5
155,18340,1
156,360,6
156,901,1
156,2981,4
156,3169,8
156,3503,3
156,3973,10
156,4972,30
156,6003,260
156,7124,7
156,7858,21
156,8681,1
156,9821,26
156,10183,119
156,10930,3
156,11020,11
156,11246,27
156,11810,11
156,12138,3
156,12627,11
156,13240,163
156,14006,4
156,14244,1
156,15226,6
156,15747,65
156,16112,4
156,16290,2
156,17403,32
156,18081,1
156,18272,31
156,18291,3
156,18680,1
157,1032,1
157,6345,39
157,7062,15
157,7260,69
157,7673,27
157,12420,10
157,16495,10
158,1875,1
158,5065,8
158,8832,3
158,9821,142
158,13240,3
158,16669,2
158,17393,17
158,18081,2
158,18272,75
159,11510,2
159,11539,2
159,11609,2
159,13240,4
159,15434,12
159,15565,1
160,1643,120
160,14513,22
160,17555,1
160,19119,18
161,861,23
161,1336,4
161,1469,3
161,2371,10
161,7595,2
161,9523,9
161,10685,23
161,13168,2
161,14748,4
162,201,62
162,608,1
162,1633,8
162,2696,45
162,4556,3
162,5626,3
162,5844,15
162,7845,37
162,9024,117
162,9821,181
162,11284,7
162,12138,1
162,12677,8
162,15333,1
162,15365,2
162,16180,8
162,16544,2
163,353,1
163,431,226
163,600,5
163,763,3
163,896,1
163,1207,2
163,2925,5
163,3146,13
163,3387,2
163,3858,1
163,4920,3
163,5065,7
163,5844,1
163,6311,8
163,7037,1
163,7153,3
163,7723,1
163,8947,1
163,9096,5
163,9247,2
163,9298,3
163,9412,22
163,9613,1
163,9821,79
163,9950,12
163,11810,14
163,12641,18
163,12649,3
163,13081,12
163,13240,32
163,14006,281
163,15048,2
163,15072,31
163,15823,3
163,16112,20
163,16288,10
163,16393,49
163,16633,1
163,17158,9
163,17619,67
163,18081,11
163,19734,3
164,901,1
164,7008,1
164,9821,3
164,10432,1
165,3503,13
165,5661,7
165,8361,6
165,9821,465
165,12783,14
165,14545,8
165,15114,302
165,17158,3
165,18132,2
165,18628,13
165,18853,2
165,19142,26
166,104,1
166,438,1
166,608,1
166,1472,2
166,1614,4
166,1641,5
166,1918,3
166,2944,1
166,3203,24
166,3401,2
166,5030,12
166,5397,8
166,5565,42
166,6040,1
166,7145,5
166,7281,8
166,7723,38
166,9168,60
166,9821,13
166,10743,17
166,10847,4
166,11085,6
166,11798,6
166,12245,2
166,13240,810
166,13438,21
166,13728,3
166,13841,14
166,13995,34
166,15221,1
166,16180,7
166,16697,9
166,17034,1
166,17323,9
166,17403,4
166,18422,73
166,19221,1
166,19521,4
166,19704,2
167,61,7
167,4465,2
167,15823,36
167,16180,2
168,393,2
168,792,2
168,874,7
168,1446,16
168,1633,2
168,1683,219
168,2267,3
168,2925,14
168,3143,7
168,3796,22
168,3985,1
168,4331,11
168,5844,8
168,6356,28
168,6686,1
168,7062,2
168,7224,2
168,7725,34
168,7983,3
168,8991,285
168,9821,43
168,10671,1
168,11609,3
168,12427,31
168,12827,8
168,13841,2
168,14006,4
168,14338,8
168,14748,11
168,15818,8
168,15823,1
168,16180,22
168,16368,2
168,16961,19
168,17295,11
168,17403,3
168,17771,5
168,18081,1
168,18268,7
168,18317,11
168,19281,6
168,19653,5
168,19718,179
169,2925,2
169,4091,1
169,4744,1
169,5844,3
169,6311,4
169,7581,1
169,9821,30
169,12382,2
170,1088,113
170,4076,11
170,4617,2
170,4924,2
170,5783,48
170,7673,2
170,8832,3
170,9428,38
170,9821,3
170,11244,8
170,11972,3
170,12138,501
170,12641,23
170,13396,4
170,16180,13
170,16288,45
170,17686,1
170,18081,22
170,18252,3
170,18925,30
170,19022,1
170,19221,1
170,19653,7
170,19716,28
171,244,5
171,1670,8
171,4223,1
171,4744,3
171,5695,12
171,9096,5
171,11136,1
171,12495,4
171,14622,15
171,16180,10
172,608,1
172,755,10
172,872,46
172,7045,202
172,8103,301
172,8361,48
172,9541,1
172,9613,8
172,9821,20
172,10435,1
172,11539,3
172,12174,39
172,14470,5
172,14483,23
172,15307,3
172,16180,68
172,16978,2
172,17254,18
172,19609,107
173,22,3
173,51,2
173,104,2
173,510,9
173,585,1
173,829,22
173,1633,5
173,2331,2
173,2636,1
173,2756,2
173,3580,1
173,4227,8
173,4490,10
173,4617,10
173,4794,5
173,4916,52
173,5004,3
173,5152,76
173,5218,1
173,5844,8
173,5845,8
173,5998,8
173,6276,2
173,7037,6
173,7045,122
173,7114,152
173,7533,5
173,9096,48
173,9821,10
173,10432,29
173,10639,3
173,10933,11
173,11085,19
173,11246,2
173,11486,3
173,11510,7
173,11798,1
173,12110,17
173,12185,25
173,12346,2
173,12495,14
173,12649,3
173,13240,3
173,13396,1
173,13483,3
173,14770,15
173,14889,1
173,15333,1
173,15747,8
173,16180,83
173,16269,1
173,16697,2
173,17356,1
173,17561,101
173,17686,1
173,18027,7
173,18081,15
173,19022,32
173,19478,3
173,19626,2
174,1336,41
174,5479,94
174,9821,30
174,12827,14
174,13033,5
174,13240,18
174,13393,4
174,15465,1
174,16180,2
174,16918,90
174,17988,119
175,861,9
175,1656,4
175,1861,22
175,2108,4
175,3796,2
175,4076,53
175,4946,1
175,5844,1
175,5922,1
175,6040,2
175,7482,1
175,9821,10
175,10435,1
175,12314,1
175,12677,28
175,12827,23
175,13312,3
175,13988,1
175,14035,70
175,14670,2
175,15105,48
175,16008,1
175,16180,3
175,16269,16
175,16398,4
175,17158,25
175,17988,85
175,18081,1
175,18317,10
175,18785,2
175,18800,245
175,19022,23
175,19593,1
176,1861,1
176,5844,26
176,6350,1
176,9523,46
176,9613,9
176,9821,20
176,10916,6
176,13240,13
176,14859,1
176,15048,73
176,15134,5
176,18081,8
176,18291,7
176,19022,47
176,19255,7
176,19421,1
177,2925,6
177,5695,3
177,10352,2
177,11246,4
177,17686,2
178,3474,1
178,5004,2
178,5844,3
178,9821,69
178,10352,3
178,13240,3
178,16180,12
178,16838,328
178,18922,2
178,19792,1
179,438,2
179,4521,10
179,5723,2
179,7581,1
179,9601,1
179,12138,5
179,14275,24
179,14935,3
179,15818,6
179,15849,3
180,16180,2
180,16772,5
180,16855,2
181,1336,4
181,2016,21
181,2287,5
181,3145,3
181,6475,1
181,7168,2
181,7224,5
181,9710,7
181,9821,129
181,10352,24
181,10435,1
181,11507,4
181,12263,12
181,12300,45
181,13081,47
181,13396,2
181,15470,3
181,16978,14
181,17821,3
182,2016,1
182,3387,22
182,3854,48
182,4516,12
182,4521,3
182,5844,5
182,7666,22
182,8279,15
182,8681,6
182,9821,10
182,10279,15
182,10352,45
182,13240,6
182,13675,1
182,15048,8
182,16180,22
182,17158,1
182,17451,28
182,18551,52
182,18579,2
182,18680,310
182,18994,28
182,19799,2
183,600,4
183,1641,1
183,2848,4
183,3251,4
183,3547,47
183,3681,76
183,3985,6
183,5152,23
183,5932,1
183,6311,13
183,8431,1
183,9613,2
183,9821,13
183,10260,103
183,10933,53
183,11852,1
183,12530,57
183,12780,18
183,13240,3
183,14006,45
183,14985,31
183,15429,16
183,16180,609
183,17323,1
183,17603,13
183,19412,10
183,19416,2
184,366,6
184,901,47
184,1158,3
184,1614,13
184,2371,2
184,2430,1
184,2606,2
184,2804,2
184,3547,5
184,3608,12
184,3796,4
184,3876,1
184,3985,2
184,4076,83
184,4255,5
184,4490,16
184,5450,9
184,5844,23
184,6207,1
184,6821,2
184,7037,5
184,7124,127
184,7444,59
184,9613,22
184,9821,33
184,11187,2
184,11246,3
184,11811,31
184,12138,1
184,12152,2
184,12204,3
184,12495,1
184,12556,14
184,13240,52
184,13988,24
184,14178,5
184,14244,37
184,14770,1
184,15565,17
184,15685,1
184,16180,7
184,16288,3
184,16687,8
184,16697,8
184,17036,3
184,17078,18
184,18714,16
184,19022,11
184,19521,8
184,19740,4
185,608,2
185,3169,119
185,3377,23
185,3474,66
185,4076,5
185,4418,1
185,5769,1
185,5824,5
185,7037,3
185,7723,1
185,9821,4599
185,10183,18
185,11934,1
185,12152,31
185,12420,4
185,12495,27
185,13240,3
185,14479,1
185,15048,5
185,15379,1
185,15818,1
185,16180,125
185,16269,9
185,16756,5
185,17131,209
185,17210,1
185,18081,10
185,18317,4
185,19009,2
185,19653,7
185,19716,55
186,7876,2
186,9102,5
186,9613,5
186,9821,13
186,11244,2
186,11246,29
186,13240,73
187,1508,33
187,6908,41
187,8431,2
187,12652,114
187,13396,4
187,13815,4
187,16180,2
187,18291,6
188,61,34
188,125,3
188,1508,2
188,1558,84
188,2522,2
188,4223,62
188,4953,80
188,5459,1
188,6689,5
188,7260,30
188,7422,3
188,9821,3
188,9898,20
188,10279,3
188,10432,1
188,10973,20
188,11508,2
188,11539,1
188,11779,7
188,13240,94
188,14470,2
188,14770,19
188,14859,1
188,15174,23
188,16669,8
188,18081,17
188,18949,28
188,19295,47
189,1778,3
189,1931,1
189,1996,1
189,3547,13
189,4326,94
189,4564,26
189,7044,1
189,7114,11
189,8945,4
189,9821,257
189,11508,2
189,14545,6
189,15022,50
189,15048,45
189,16180,3
189,17158,25
189,18268,15
189,19142,1
190,1095,10
190,9168,15
190,9821,17
190,10853,4
190,12138,1
190,12300,2
190,13240,70
190,14544,12
190,15478,8
190,15747,13
190,16544,2
190,19653,3
191,4953,2
191,6898,2
191,9821,327
191,10415,2
191,16180,294
192,3146,2
192,3387,8
192,4114,11
192,6311,5
192,8945,6
192,9821,17
192,16597,26
193,938,1
193,1446,12
193,2267,8
193,2775,38
193,2944,7
193,4076,197
193,4744,1
193,5450,3
193,5459,30
193,5844,23
193,7168,3
193,7204,3
193,8561,35
193,9102,2
193,9613,6
193,9821,3
193,9864,3
193,11956,2
193,12641,8
193,13240,6
193,16180,7
194,4255,4
194,10352,3
195,3169,1
196,201,2
196,622,219
196,2146,1
196,2431,1
196,3387,4
196,3854,2
196,3961,57
196,4846,3
196,4924,3
196,7037,58
196,7260,25
196,8645,7
196,9821,3
196,10896,3
196,11097,6
196,11246,23
196,11508,2
196,13396,4
196,16180,5
196,18479,8
196,19009,13
196,19022,9
196,19653,36
196,19718,4
197,5030,31
197,7536,31
197,9024,13
197,9821,10
197,12210,4
197,17207,2
197,17686,7
198,1037,10
198,2213,1
198,3098,3
198,3796,2
198,4218,1
198,5844,40
198,6048,8
198,7260,2
198,9821,17
198,9973,61
198,10415,1
198,11187,1
198,11462,2
198,11486,11
198,14178,14
198,14479,4
198,16180,5
198,16213,177
198,19221,10
199,15,12
199,550,16
199,1342,18
199,1469,27
199,1633,6
199,1643,1
199,1778,3
199,1903,1
199,1982,3
199,2015,5
199,3961,2
199,4091,10
199,4280,1
199,4521,40
199,5030,1
199,5844,1
199,5932,5
199,6047,10
199,6048,1
199,6311,223
199,6721,6
199,7224,9
199,7482,2
199,8745,20
199,9025,7
199,9168,5
199,9821,63
199,9973,10
199,11085,4
199,11262,23
199,11342,6
199,11859,4
199,11967,1
199,12138,33
199,12300,9
199,12652,1
199,12677,70
199,12804,21
199,12923,2
199,13184,13
199,13240,4
199,13275,1
199,13988,3
199,14609,5
199,14889,1
199,15048,7
199,16180,3
199,16412,1
199,16544,1
199,17158,31
199,17207,8
199,17235,5
199,18317,11
199,18776,25
199,18994,49
199,19423,6
199,19535,6
199,19609,31
200,6484,3
200,16180,40
200,16448,17
200,17059,1
201,3387,6
201,8338,3
202,4399,1
202,6487,28
202,7062,1
202,9821,89
202,12138,4
202,12495,42
202,13240,3
202,14035,3
202,18158,65
203,9613,2
203,9821,10
203,10114,9
203,12495,2
203,14244,27
203,17988,1
204,438,3
204,3985,3
204,4076,78
204,6627,1
204,7062,2
204,7124,7
204,9821,17
204,11451,2
204,12048,8
204,12110,3
204,16180,8
204,19022,1
205,2590,7
205,3087,56
205,3503,17
205,5844,24
205,6040,3
205,7224,2
205,8051,4
205,9821,323
205,12187,104
205,12627,2
205,13679,3
205,14842,68
205,15592,36
205,15818,6
205,16180,20
205,17158,81
205,17356,11
205,17555,1
205,18317,76
205,19022,3
205,19136,17
206,3660,20
206,3985,19
206,5844,36
206,6057,2
206,6573,5
206,7124,1
206,7595,24
206,7688,1
206,9620,28
206,9821,10
206,10228,2
206,12138,11
206,13240,17
206,14470,2
206,14748,16
206,16180,48
206,17401,20
207,874,3
207,1446,193
207,1918,37
207,2925,17
207,3098,1
207,6241,2
207,8953,12
207,9541,5
207,9821,7
207,11097,8
207,13240,1
207,14470,3
207,19535,1
208,295,2
208,372,2
208,2473,1
208,2756,162
208,4076,11
208,4218,6
208,5152,4
208,6311,9
208,6886,34
208,7008,2
208,9613,80
208,9821,69
208,9976,7
208,10331,7
208,10718,6
208,11097,1
208,11496,15
208,11998,8
208,12143,3
208,12174,2
208,12495,3
208,13240,1
208,13538,91
208,14490,8
208,15044,2
208,15199,5
208,15434,5
208,16180,3
208,17235,2
208,17323,16
208,17722,1
208,18800,3
208,19022,5
208,19521,3
208,19533,33
209,295,44
209,1461,5
209,1633,4
209,1834,11
209,2925,25
209,3448,7
209,5844,3
209,6908,4
209,7045,12
209,7363,3
209,7782,7
209,8645,2
209,9821,3
209,9864,6
209,10352,13
209,10926,1
209,11246,9
209,12110,2
209,13240,13
209,14066,1
209,14843,11
209,16180,3
209,16256,8
210,1207,21
210,5109,1
210,5969,68
210,9821,135
210,12372,31
210,12676,1
210,14431,1
210,15134,10
210,15747,3
210,18682,4
211,244,1
211,600,1
211,2346,1
211,2497,1
211,2775,3
211,3058,5
211,3985,23
211,4271,1
211,5844,47
211,7876,3
211,8830,9
211,9394,2
211,9821,23
211,11779,5
211,11998,23
211,12143,4
211,13240,4
211,14006,10
211,17109,1
211,18109,4
211,18994,2
211,19119,397
211,19653,22
212,7515,5
212,9403,1
212,16180,8
213,61,2
213,735,78
213,901,5
213,938,2
213,2925,2
213,3267,12
213,4076,2
213,4916,8
213,5844,123
213,5845,2
213,6187,4
213,6247,18
213,8431,2
213,9541,3
213,9821,26
213,10933,3
213,11097,47
213,11246,5
213,11496,2
213,11508,10
213,12192,1
213,13171,1
213,13240,111
213,13506,2
213,14058,3
213,15193,12
213,15461,2
213,15592,9
213,15747,7
213,16180,5
213,17078,1
213,17657,1
213,18081,3
213,18228,1
213,19740,5
214,1158,15
214,1641,3
214,3375,3
214,5397,98
214,9613,12
214,10275,5
214,11811,82
214,12314,7
214,13312,1
214,17403,59
214,18682,6
214,19221,4
215,1982,26
215,11798,2
215,13728,14
215,17555,1
216,788,3
216,2926,1
216,3547,25
216,3985,1
216,5844,5
216,11998,12
216,13240,175
216,19626,3
217,1469,11
217,1641,5
217,2828,1
217,2901,1
217,3098,3
217,4473,2
217,5844,43
217,5922,1
217,6908,4
217,7202,4
217,7736,1
217,8090,2
217,9613,2
217,9821,135
217,10743,2
217,11986,64
217,12048,34
217,12143,3
217,12495,3
217,13240,3
217,13628,37
217,13675,3
217,14006,21
217,14670,5
217,14859,4
217,15424,1
217,15983,83
217,16479,3
217,18081,163
217,18190,3
217,18272,3
217,19022,5
217,19524,30
217,19626,3
218,3547,1
218,3620,2
218,11539,3
218,14626,26
218,17403,1
218,18081,1
219,197,6
219,1931,2
219,2606,17
219,3985,2
219,4076,10
219,4255,6
219,7876,14
219,9096,1
219,9156,13
219,9821,49
219,12110,1
219,12314,9
219,13219,8
219,15193,7
219,15437,1
219,17988,1
219,18272,6
219,19295,23
220,600,4
220,1076,4
220,1446,70
220,1679,2
220,1683,2
220,2925,1
220,3098,3
220,4639,47
220,4938,3
220,4953,10
220,5844,1
220,6311,29
220,7281,2
220,7673,7
220,9025,4
220,9431,9
220,9821,46
220,11998,10
220,12947,245
220,14006,1
220,14092,3
220,14478,2
220,15466,2
220,16180,5
220,16627,5
220,17034,2
220,17686,17
220,19204,17
220,19521,5
221,4218,4
221,4751,1
221,4924,1
221,7153,105
221,7782,2
221,9821,53
221,10352,22
221,14006,4
221,15525,31
221,18081,29
221,19119,3
221,19885,2
222,3985,67
222,9821,132
222,13240,3
222,15134,3
222,16180,106
223,608,6
223,1336,4
223,3158,2
223,3387,1
223,6350,5
223,7363,2
223,9821,7
223,12530,3
223,14006,41
223,17751,3
223,18190,7
224,3474,391
224,11008,17
224,15949,3
225,274,1
225,1392,3
225,6303,2
225,11998,20
225,13483,29
225,17686,901
225,17833,1
226,5844,3
226,6734,12
226,18340,7
226,19626,70
227,447,6
227,510,2
227,820,3
227,3267,6
227,5844,1
227,7124,16
227,9821,7
227,17385,80
227,17403,104
227,19112,2
227,19653,9
228,4421,52
228,9821,10
228,18800,66
229,1518,2
229,4114,7
229,4757,460
229,5600,12
229,8279,1
229,9821,416
229,10743,20
229,11998,4
229,12187,9
229,12677,17
229,14769,50
229,16269,25
229,19009,22
230,104,7
230,1244,3
230,2787,7
230,3387,1
230,4192,26
230,4418,2
230,4468,4
230,5844,12
230,6529,2
230,7037,1
230,7045,2
230,9156,38
230,9821,13
230,9858,5
230,10916,3
230,11468,24
230,11504,3
230,11810,3
230,12255,4
230,12495,46
230,13240,10
230,13563,12
230,13728,8
230,14244,7
230,15022,3
230,15174,2
230,15823,12
230,15890,3
230,16180,18
230,16711,3
230,16757,1
230,17345,4
230,18579,2
230,18940,32
230,18978,3
230,19221,4
230,19828,1
231,497,9
231,861,4
231,1641,9
231,1903,1022
231,2925,8
231,3169,1
231,4076,16
231,4483,8
231,5695,100
231,5787,41
231,5998,1
231,7037,1
231,7363,1
231,7834,3
231,8279,2
231,8431,49
231,9168,2
231,9538,2
231,9821,23
231,10671,28
231,11246,6
231,11542,4
231,12048,56
231,12138,4
231,12556,2
231,12641,3
231,13240,7
231,13435,2
231,14338,5
231,14454,3
231,14479,2
231,14602,1
231,14862,45
231,15835,16
231,15839,2
231,16180,63
231,16247,4
231,18081,1
231,19119,8
231,19626,1
232,114,3
232,4271,37
232,14889,1
233,735,1
233,3547,1
233,9038,2
233,9821,10
233,16180,12
233,18262,2
234,735,14
234,938,3
234,3547,3
234,3608,14
234,4022,37
234,5723,38
234,5769,1
234,5844,1
234,5998,3
234,6247,14
234,6908,121
234,7281,4
234,8431,3
234,9821,20
234,11244,2
234,12121,2
234,12143,1
234,12641,14
234,13147,3
234,13435,10
234,13439,7
234,14006,2
234,14483,3
234,15072,1
234,16107,2
234,16180,35
234,18011,1
234,18949,3
235,640,32
235,1342,2
235,2679,22
235,3876,15
235,4271,12
235,4521,1
235,7062,3
235,7153,16
235,7763,43
235,8319,3
235,10114,1
235,11816,16
235,12641,7
235,12827,6
235,13219,4
235,14483,6
235,14843,5
235,15134,45
235,16697,31
235,16752,98
235,17323,3
235,17737,1
235,19544,1
235,19697,8
236,5004,3
236,5104,21
236,6898,48
236,9821,66
236,10352,80
236,11246,3
237,366,2
237,3109,9
237,3674,2
237,4218,8
237,5750,2
237,9821,43
237,12602,3
238,1336,2
238,4666,5
238,7782,6
238,8631,3
238,9428,1
238,9821,10
238,11097,19
238,13184,36
238,13240,13
238,14479,2
238,14544,8
238,16288,37
238,19174,8
239,3491,1
239,13240,14
240,510,4
240,1032,54
240,2459,3
240,4076,3
240,5844,3
240,5998,3
240,6908,2
240,9318,10
240,9821,3
240,10352,14
240,11246,8
240,12627,4
240,14006,26
240,14578,3
240,17457,3
240,17686,1
240,18459,1
240,18940,10
240,19010,16
240,19626,1
241,288,51
241,1446,2
241,1633,62
241,3474,8
241,3547,5
241,3970,7
241,4114,5
241,5530,6
241,5844,3
241,6356,3
241,7153,3
241,7688,7
241,9168,5
241,9303,31
241,9821,10
241,10916,6
241,11085,4
241,11170,7
241,11609,2
241,11815,1
241,12641,11
241,13240,159
241,14545,6
241,15193,4
241,15287,14
241,16116,17
241,16180,5
241,16352,36
241,16697,33
241,16920,30
241,16953,13
241,16978,7
241,18268,1
241,18949,188
241,19322,1
242,4076,1
242,4916,2
242,6040,31
242,13538,22
242,16303,3
242,18389,1
242,18734,2
242,18922,2
243,8431,11
243,9821,59
243,16180,17
244,372,1
244,1241,3
244,1366,4
244,1508,2
244,2599,3
244,3387,24
244,4468,10
244,4846,61
244,5503,3
244,5695,8
244,5795,11
244,5844,9
244,6223,179
244,6513,1
244,6686,12
244,6908,3
244,7062,34
244,7581,1
244,8645,11
244,8681,1
244,9168,1
244,9620,3
244,9821,10
244,9864,1
244,9976,6
244,10279,2
244,11676,1
244,12096,14
244,12185,6
244,12263,23
244,12382,7
244,12495,4
244,12677,11
244,13240,14
244,13675,2
244,14006,31
244,14340,22
244,15429,1
244,15746,6
244,15990,5
244,16107,3
244,16269,2
244,16772,2
244,17393,52
244,18081,92
244,18853,2
244,19010,3
244,19084,5
244,19281,10
245,710,13
245,1600,45
245,2036,4
245,4076,3
245,4639,61
245,5511,167
245,5844,1
245,9024,2
245,9403,2
245,9821,3
245,13256,18
245,14058,16
245,15429,3
245,17899,1
245,19521,5
246,201,101
246,605,9
246,1918,10
246,2948,10
246,3387,26
246,4521,9
246,4751,10
246,5415,9
246,5503,2
246,5583,905
246,9821,99
246,11246,14
246,12495,1
246,13240,34
246,14511,2
246,14770,1
246,15478,4
246,15925,8
246,16008,1
246,16180,27
246,16470,69
246,16961,65
246,17131,17
246,18714,10
247,4521,212
247,4751,24
247,9821,13
248,14037,4
248,18291,1
248,18317,2
249,1797,86
249,2925,4
249,3985,7
249,6247,2
249,6948,2
249,7224,4
249,7333,19
249,8476,2
249,8991,2
249,9613,1
249,9821,7
249,10352,1
249,14490,1
249,16112,1
249,16269,5
249,18081,19
249,18268,2
249,18693,2
250,1392,3
250,1641,1
250,3202,2
250,3214,1
250,3590,29
250,4218,6
250,4736,1
250,4751,25
250,6696,1
250,6898,4
250,7482,18
250,7533,1
250,9168,2
250,9426,64
250,9428,6
250,9613,9
250,9821,251
250,9973,31
250,11507,9
250,11998,3
250,12110,6
250,12121,3
250,12530,14
250,12827,22
250,15478,67
250,15565,25
250,15883,3
250,15998,1
250,16180,5
250,16269,38
250,16597,1
250,16687,14
250,17561,12
250,19038,35
251,12228,1
251,12495,54
251,17780,6
251,18680,3
252,438,5
252,755,2
252,833,4
252,901,9
252,3479,1
252,9402,14
252,10352,7
252,11486,1
252,12110,1
252,16288,3
252,16697,1
253,11003,1
253,12780,5
254,6939,61
254,9821,3
254,11246,6
254,12218,2
254,14770,9
254,15465,5
255,605,1
255,1982,1
255,3169,5
255,5844,3
255,9214,2
255,9613,8
255,10114,3
255,16180,10
255,17158,26
256,605,13
256,1446,14
256,2606,564
256,3474,1
256,4076,20
256,5844,13
256,9613,11
256,9821,7
256,10352,1
256,12110,1
256,12641,14
256,13240,14
256,14822,22
256,15466,3
256,16180,13
256,16269,3
256,18262,4
256,18565,29
256,19533,18
256,19875,5
257,14529,3
258,201,14
258,274,1
258,938,7
258,978,1
258,1158,11
258,1284,15
258,1446,1
258,2925,30
258,3149,3
258,3169,2
258,3474,4
258,3985,46
258,4079,1
258,4114,3
258,5787,1
258,5844,15
258,5996,1
258,6048,4
258,7193,2
258,7422,3
258,7482,2
258,7725,1
258,9024,1
258,9207,26
258,9288,11
258,9613,1
258,9821,10
258,10260,2
258,11284,9
258,11486,15
258,12228,19
258,12673,45
258,12923,1
258,13240,1
258,14544,7
258,15221,2
258,16180,18
258,17059,3
258,17131,1
258,17356,5
258,17887,3
258,18190,3
258,18317,16
258,19022,52
258,19204,2
259,3169,2
259,7062,1
259,9821,17
259,10275,2
259,10352,71
259,14006,1
259,15134,49
259,15525,5
259,16180,3
259,18949,124
260,104,3
260,600,5
260,615,1
260,1123,4
260,1996,1
260,3143,97
260,3146,6
260,3796,12
260,4076,9
260,4669,3
260,5695,2
260,5723,307
260,5844,38
260,6484,261
260,7581,4
260,8991,5
260,9613,3
260,9821,3
260,10007,6
260,10191,2
260,10352,22
260,11510,7
260,11604,15
260,11998,725
260,12149,3
260,12641,2
260,12804,90
260,13240,13
260,13396,2
260,13445,6
260,15048,1
260,16180,35
260,17403,2
260,17686,5
260,18081,62
260,18474,1
260,18551,3
260,18589,4
260,18922,4
260,18925,99
260,19022,3
260,19119,22
260,19295,7
260,19733,1
261,104,4
261,795,15
261,820,3
261,1918,4
261,2619,11
261,5723,19
261,7284,91
261,7688,148
261,9518,1
261,9821,20
261,10432,1
261,12185,12
261,12187,1
261,14626,1
261,14770,37
261,14804,2
261,15304,11
261,16180,2
261,16953,4
261,17045,11
261,19022,35
261,19370,26
261,19410,37
261,19684,19
262,447,44
262,1244,66
262,1366,2
262,1931,25
262,2366,4
262,4076,7
262,4669,5
262,7260,2
262,7663,14
262,7942,3
262,8404,3
262,9168,2
262,9489,1
262,9541,1
262,9821,26
262,10671,3
262,11779,8
262,13240,63
262,13988,6
262,15072,1
262,15910,1
262,16180,7
262,16290,11
262,18925,4
262,19022,15
262,19182,13
262,19261,7
262,19655,56
263,27,1
263,438,21
263,735,1
263,1284,5
263,1336,3
263,1446,9
263,1518,2
263,1929,3
263,2795,5
263,2811,16
263,3172,31
263,3796,1
263,3895,6
263,3985,3
263,4188,10
263,4953,109
263,5120,5
263,5565,4
263,5583,8
263,5844,32
263,5922,1
263,5998,1
263,6040,2
263,6303,7
263,6311,4
263,6721,2
263,6824,14
263,7037,46
263,7124,5
263,7193,1
263,7298,30
263,7362,43
263,8274,19
263,8561,1
263,8681,28
263,8974,10
263,8991,6
263,9038,9
263,9168,2
263,9667,8
263,9821,17
263,10352,10
263,11244,82
263,11510,1
263,11779,2
263,11810,1
263,11998,2
263,12138,9
263,12255,1
263,12286,1
263,12627,7
263,12673,25
263,12780,1
263,13240,76
263,13466,3
263,13841,33
263,14275,4
263,14338,1
263,14769,20
263,14770,13
263,14859,7
263,15063,31
263,15227,1
263,15251,11
263,15465,7
263,15592,2
263,15835,1
263,15839,4
263,15949,3
263,16112,3
263,16180,2
263,16247,47
263,16269,53
263,16412,6
263,16470,47
263,16524,5
263,16697,2
263,16978,2
263,17036,260
263,17059,6
263,17158,13
263,17413,15
263,17814,12
263,18262,10
263,18291,4
263,18551,1
263,18682,6
263,19010,96
263,19255,3
263,19295,1
264,5844,55
264,13240,4
264,13439,4
264,16269,47
264,17356,3
265,1243,6
265,2756,1
265,3547,12
265,7533,9
265,9613,2
265,9821,3
265,10183,13
265,10279,13
265,12210,16
265,12676,4
265,13240,8
265,13312,1
265,16121,2
265,16180,5
266,2431,14
266,5793,1
266,8090,6
266,9821,40
267,1778,7
267,2346,2
267,6202,16
267,8561,14
267,10331,6
267,11246,45
267,12495,2
267,12780,22
267,12820,11
267,17034,24
267,19009,1
268,861,4
268,1037,2
268,1076,2
268,1158,4
268,1539,2
268,2544,13
268,4114,1
268,6311,21
268,7008,197
268,8991,19
268,9073,2
268,9821,3
268,10671,3
268,10941,12
268,11246,1
268,11496,11
268,12210,1
268,13240,1
268,16112,102
268,16180,2
268,17403,1
268,17823,10
268,17989,3
268,18011,1
268,19010,5
269,2606,1
269,2925,1
269,3681,2
269,4027,2
269,4076,13
269,4080,14
269,4218,17
269,4666,11
269,5794,24
269,5836,20
269,6738,6
269,7008,3
269,8991,8
269,9821,10
269,11085,2
269,11097,6
269,11246,2
269,12138,1
269,12187,4
269,12564,1
269,13240,30
269,13728,11
269,13889,15
269,14544,2
269,15429,4
269,15747,17
269,15823,5
269,16180,7
269,16269,3
269,16669,2
269,17356,1
269,17509,8
269,18064,5
269,18081,8
269,18291,107
269,19022,2
269,19204,6
270,114,2
270,1504,95
270,1633,6
270,3790,5
270,11284,6
270,15048,7
270,18262,9
270,18800,17
271,7124,1
271,9613,22
271,10933,56
271,17603,29
272,1150,1
272,2522,2
272,9821,82
272,10916,2
272,11810,11
272,11998,2
272,12138,3
272,12649,2
272,12896,1
272,15307,4
272,16180,3
272,18081,2
272,18978,53
273,393,2
273,5844,22
273,9821,13
273,10854,6
273,19626,4
274,605,27
274,4180,12
274,4218,48
274,4556,3
274,5483,2
274,10114,1
274,16269,9
275,201,1
275,795,2
275,952,101
275,1370,5
275,2431,1
275,2756,5
275,3387,18
275,5415,36
275,5787,13
275,5844,5
275,7362,5
275,9081,12
275,9821,17
275,10112,2
275,10237,2
275,10279,8
275,11246,3
275,14490,3
275,14843,3
275,16180,5
275,17330,9
275,17393,12
275,19328,2
276,51,1
276,1670,1
276,2430,2
276,3143,3
276,3267,3
276,3298,19
276,3547,1
276,4744,63
276,5723,3
276,7037,51
276,7422,5
276,9821,17
276,11539,2
276,12110,6
276,13081,4
276,13240,1
276,14769,3
276,15890,2
276,16008,41
276,16180,18
277,197,15
277,1613,2
277,1982,1
277,3503,1
277,5030,13
277,5844,32
277,6686,18
277,7037,2
277,7399,1
277,7581,3
277,7587,2
277,9821,297
277,10367,8
277,11085,2
277,11246,17
277,11510,3
277,12174,3
277,12185,12
277,13240,3
277,13312,4
277,13435,15
277,14340,3
277,15747,6
277,17121,1
277,17393,2
277,17780,27
277,17988,61
277,19626,2
278,1032,1
278,3858,18
278,3876,1
278,7595,1
278,9821,102
278,11998,27
278,12627,2
278,12676,2
278,14843,375
279,198,14
279,1342,3
279,1508,2
279,2267,7
279,2599,24
279,3580,1
279,3725,4
279,4669,7
279,5750,10
279,5793,2
279,5844,62
279,6487,36
279,6497,2
279,7876,2
279,8431,5
279,9428,4
279,9821,3
279,10279,12
279,11486,4
279,12255,7
279,12382,1
279,13240,135
279,14755,17
279,15949,33
279,16180,3
279,16290,15
279,17686,209
279,17730,8
279,18064,4
279,18317,9
279,18978,7
279,19119,2
279,19718,167
280,447,9
280,4080,24
280,5583,8
280,9821,20
280,11496,30
280,11779,5
280,12255,1
280,12263,2
280,13932,9
280,15619,9
280,15679,3
280,19609,42
281,1158,3
281,5844,3
281,7193,3
281,8991,3
281,9821,3
281,11539,41
281,13240,1
281,15048,2
281,16180,5
282,6039,3
282,6824,3
282,9821,23
282,15429,2
283,4490,1
284,3169,2
284,5104,8
284,11935,22
285,244,19
285,2016,7
285,5415,2
285,5844,43
285,6908,5
285,8561,1
285,9821,49
285,10933,2
285,11986,2
285,11998,25
285,12937,2
285,13420,20
285,13438,11
285,16180,5
285,19716,10
286,3460,7
286,13563,15
286,15048,13
286,17045,1
286,17567,2
287,6311,3
287,15835,5
288,1150,3
288,5844,19
288,6311,1
288,11284,7
288,15429,21
288,16697,4
288,19221,30
288,19718,1
289,2431,32
289,3590,10
289,5565,3
289,5661,2
289,7114,3
289,9538,2
289,9821,3
289,12152,12
289,12780,2
289,12985,2
289,14610,4
289,15333,7
289,16112,4
289,16180,8
289,16247,4
289,18940,1
290,114,40
290,608,1
290,1504,3
290,3796,5
290,4953,23
290,9024,2
290,9821,7
290,12121,1
290,12228,2
290,12255,9
290,12495,16
290,13312,1
290,14494,20
290,15685,2
290,16290,27
290,16352,13
290,18081,1
290,18865,2
291,5723,11
291,9541,3
291,9821,30
291,11946,6
291,11998,17
291,12263,762
291,12422,2
291,13889,1
291,14338,6
291,15835,1
291,17158,36
291,19653,1
292,2848,7
292,4218,9
292,4418,1
292,7422,124
292,9821,20
292,9858,2
292,10916,14
292,12192,3
292,13240,1
292,14273,14
292,15318,7
293,1504,4
293,11187,1
293,11246,4
293,14244,6
293,16669,5
293,16799,1
293,18697,6
294,1918,2
294,2213,6
294,3267,1
294,3580,1
294,4794,7
294,6247,8
294,9168,1
294,9601,2
294,9667,3
294,9821,7
294,10007,14
294,11246,1
294,12372,1
294,13240,6
294,13877,8
294,14244,2
294,14470,8
294,14483,2
294,15424,8
294,15592,1
294,17466,7
294,18291,247
294,19521,2
295,3387,3
295,4114,3
295,4876,6
295,6738,1
295,9518,31
295,9821,3
295,10089,3
295,10279,2
295,15227,1
295,17780,2
296,4079,10
296,7444,17
296,7876,1
296,9821,36
296,12048,1
296,13318,9
296,13435,8
296,16180,12
296,17036,8
296,17323,1
296,18081,2
297,295,5
297,1342,2
297,1996,2
297,2599,13
297,3973,2
297,4271,4
297,4924,53
297,5769,4
297,5793,1
297,5844,1
297,5932,9
297,6356,18
297,7062,8
297,7204,74
297,7632,45
297,9156,3
297,9821,33
297,10221,7
297,10275,3
297,10612,2
297,11064,4
297,11246,6
297,11284,8
297,12187,10
297,12300,3
297,13203,2
297,13240,25
297,14338,14
297,14889,8
297,15134,106
297,15857,5
297,16180,18
297,17670,12
297,19490,3
298,274,36
298,1614,11
298,2213,53
298,2853,9
298,5600,3
298,7782,12
298,9821,3
298,11085,2
298,11246,3
298,12269,2
298,12382,41
298,12420,3
298,12495,11
298,13483,3
298,13988,3
298,14364,2
298,14610,7
298,14626,3
298,14843,3
298,15318,25
298,15365,6
298,15437,17
298,16180,5
298,16953,1
298,18134,14
298,19653,3
299,460,2
299,1641,1
299,2606,26
299,3169,93
299,5844,3
299,7595,53
299,12257,4
299,16180,22
299,16669,5
299,18538,1
300,4076,6
300,9821,26
300,11468,4
300,12677,18
300,13312,5
300,13445,12
300,14347,2
300,16331,53
300,19119,3
301,201,1
301,608,17
301,3387,13
301,6874,1
301,7224,2
301,9821,53
301,13240,27
301,16697,11
301,16912,6
302,16107,13
302,18551,3
303,1688,28
303,2430,3
303,3214,2
303,4079,1
303,4218,11
303,6190,7
303,6311,1
303,6908,8
303,7062,7
303,7257,1
303,7331,20
303,7482,40
303,7636,10
303,9821,1043
303,10279,1
303,11697,3
303,11810,1
303,11859,1
303,12048,33
303,12641,3
303,14006,1
303,14219,1
303,14843,1
303,15193,12
303,15827,1
303,16180,143
303,16288,1
303,16799,27
303,18011,3
303,18190,1
303,18262,25
303,18268,15
303,18315,17
303,18478,58
303,19281,27
303,19609,19
304,2146,26
304,5844,1
304,15048,2
304,16180,113
304,16757,8
304,18317,42
305,114,3
305,478,2
305,605,23
305,1619,3
305,1633,2
305,2925,7
305,4953,8
305,5844,19
305,5845,1
305,6133,5
305,6303,1
305,7114,114
305,7202,1
305,9821,17
305,11462,2
305,11998,4
305,12143,10
305,12174,28
305,12641,1
305,14470,3
305,14842,20
305,14859,1
305,15318,19
305,15891,1
305,16180,8
305,16953,1
305,17385,22
305,19370,73
306,927,7
306,1336,4
306,1446,1
306,1619,4
306,1633,5
306,3174,34
306,3667,2
306,5844,4
306,7331,1
306,10306,3
306,15891,5
306,16180,18
306,19533,2
307,896,3
307,3154,2
307,3194,1
307,3460,1
307,3895,10
307,4076,13
307,4521,65
307,4666,102
307,5503,3
307,5565,4
307,5583,19
307,6040,18
307,6311,7
307,7260,4
307,7281,5
307,7876,11
307,8681,1
307,8830,2
307,9168,2
307,9290,30
307,9431,3
307,9613,1
307,9675,1
307,9821,10
307,10148,1
307,10847,8
307,11458,11
307,11462,2
307,12138,2
307,12602,16
307,12676,26
307,12780,12
307,12827,1
307,13184,2
307,13240,6
307,14006,6
307,14578,13
307,14804,12
307,15023,30
307,15072,3
307,15794,103
307,16180,215
307,16352,1
307,16756,3
307,17657,43
307,17988,7
307,18317,1
307,19162,3
308,594,10
308,820,6
308,1469,15
308,1633,4
308,2213,14
308,2346,4
308,3143,3
308,4669,18
308,6040,5
308,6465,126
308,8743,2
308,9821,3
308,10592,56
308,11468,18
308,12783,210
308,14454,2
308,15285,20
308,16180,17
308,17254,2
308,19535,2
309,1392,1
309,2804,85
309,3143,1
309,3395,389
309,4076,1
309,4326,8
309,4669,13
309,5152,20
309,6223,3
309,6475,1
309,6529,2
309,7281,1
309,9541,35
309,9821,92
309,10352,6
309,10592,30
309,11715,3
309,11934,1
309,13337,1
309,13538,52
309,14770,3
309,15237,2
309,15592,1
309,16180,3
309,17131,20
309,17207,4
309,17403,6
309,17686,1
309,18081,4
309,19626,5
310,2431,1
310,5844,44
310,9613,25
310,14670,1
310,15237,22
310,16112,6
310,16598,2
311,5450,3
311,14006,1
311,15981,1
312,3914,13
312,4296,4
312,5285,188
312,8743,7
312,9821,3
312,9973,1
312,13240,10
312,13932,1
312,14602,6
312,14859,11
312,18317,13
312,18865,16
312,19221,5
312,19718,18
313,13889,1
313,19584,16
314,608,2
314,4076,2
314,4079,17
314,4650,13
314,9738,38
314,9821,7
314,17131,57
314,18272,18
315,1996,1
315,3387,13
315,4114,31
315,13240,1
316,594,4
316,6286,12
316,9168,2
316,13240,7
316,13337,3
317,1032,26
317,1931,6
317,3158,2
317,3547,10
317,3796,17
317,3961,2
317,4326,26
317,5585,1
317,6311,5
317,9821,973
317,11085,1
317,11998,1
317,12495,2
317,15237,3
317,15639,1
317,15818,2
317,17158,5
317,17555,1
317,18081,6
317,18964,2
317,18994,14
317,19716,2
318,613,1
318,896,1
318,1633,10
318,1641,19
318,2816,14
318,3387,27
318,5844,19
318,6627,1
318,9150,2
318,9221,3
318,9821,122
318,10352,15
318,10743,514
318,11170,2
318,13065,10
318,13240,79
318,17583,31
318,17686,65
318,19162,10
318,19521,209
319,295,13
319,938,12
319,6040,2
319,6167,23
319,9821,7
319,11815,94
319,12138,4
319,15823,10
319,17059,1
319,17131,8
320,792,8
320,2371,5
320,3237,2
320,3547,2
320,5844,18
320,7688,3
320,9821,7
320,10352,9
320,11451,3
320,11815,5
320,12048,3
320,14006,4
320,14479,2
320,17131,1
320,18252,2
320,19022,30
320,19655,2
321,385,3
321,4490,23
321,9821,17
321,15063,9
321,15174,18
321,16180,7
321,19770,31
322,32,2
322,116,15
322,201,3
322,360,1
322,447,14
322,861,39
322,896,142
322,901,1
322,927,1
322,1265,1
322,1284,1
322,1336,1
322,1392,2
322,1469,6
322,1633,2
322,1722,2
322,2015,9
322,2901,88
322,3169,2
322,3547,5
322,3762,16
322,3985,30
322,4076,1
322,4079,3
322,4218,29
322,4255,3
322,4560,13
322,4946,136
322,5480,22
322,5600,1
322,5669,4
322,5844,1
322,5932,16
322,6311,1
322,6487,8
322,7062,1
322,7186,6
322,7333,5
322,7444,1
322,7666,18
322,7673,14
322,7800,4
322,8094,27
322,8279,3
322,8319,3
322,8743,1
322,8832,2
322,9096,3
322,9168,5
322,9247,3
322,9518,24
322,9523,12
322,9613,23
322,9710,13
322,9821,1379
322,10352,4
322,10612,5
322,10671,1
322,10847,76
322,10933,2
322,11064,22
322,11085,18
322,11244,101
322,11246,4
322,11748,5
322,11810,4
322,12138,1
322,12372,21
322,12641,1
322,12649,7
322,12677,6
322,12783,5
322,13182,6
322,13219,2
322,13240,4
322,13439,1
322,13506,20
322,13526,1
322,13563,20
322,13728,3
322,13766,2
322,13916,4
322,13932,1
322,14006,3
322,14095,2
322,14300,1
322,14314,9
322,14340,9
322,14405,7
322,14470,1
322,14602,1
322,14770,16
322,14804,3
322,14842,2
322,15105,143
322,15134,4
322,15149,34
322,15199,9
322,15293,1
322,15379,37
322,15818,1
322,15883,101
322,16180,5
322,16228,2
322,16256,6
322,16331,8
322,16669,3
322,16756,5
322,16757,1
322,16774,4
322,16843,3
322,17345,4
322,17393,3
322,17439,12
322,17509,7
322,17555,3
322,17561,751
322,17988,26
322,18081,9
322,18158,20
322,18190,39
322,18291,6
322,18340,92
322,18479,18
322,18824,1
322,19022,19
322,19097,54
322,19221,12
322,19255,3
322,19322,5
322,19370,2
322,19533,1
322,19653,15
322,19684,1
322,19734,4
322,19909,1
323,104,3
323,792,2
323,874,2
323,1216,3
323,1643,10
323,2925,97
323,3474,13
323,4418,17
323,5477,7
323,8561,6
323,9613,3
323,11246,1
323,13240,1
323,13454,61
323,16269,1
323,16912,8
324,6003,1
324,6303,19
324,6696,83
324,9821,99
324,13435,3
324,16180,401
324,17670,1
325,608,1
325,901,6
325,1996,1
325,4885,1
325,5459,155
325,5844,4
325,7397,10
325,7763,2
325,9214,1
325,9821,3
325,11462,5
325,11486,23
325,11556,80
325,12495,12
325,12858,35
325,13182,41
325,13240,3
325,13256,3
325,14066,9
325,15023,2
325,15429,1
325,16180,3
325,18190,3
325,18317,19
325,18643,1
325,19009,3
325,19022,3
325,19204,2
325,19626,5
326,295,3
326,1469,14
326,1633,12
326,1996,3
326,3364,14
326,3474,1
326,3638,24
326,3919,6
326,4255,4
326,5004,4
326,5998,2
326,6048,5
326,6303,2
326,6403,1
326,6487,1
326,7193,1
326,7587,4
326,9821,3
326,10275,6
326,10779,5
326,11003,35
326,11246,11
326,11998,5
326,12300,3
326,12892,4
326,13240,23
326,13256,13
326,13526,4
326,14006,14
326,14515,4
326,15048,3
326,15174,13
326,16180,3
326,17441,1
326,17670,8
326,17980,4
326,18551,12
326,19009,1
326,19624,4
326,19626,16
326,19653,39
327,447,11
327,3387,13
327,8397,2
327,10114,3
327,12495,3
327,16180,28
328,9821,201
328,12923,1
328,15818,2
329,5626,1
329,9821,66
329,16180,3
329,17890,3
330,3169,2
330,8397,1
330,9613,1
330,11468,4
330,13081,19
330,19609,1
331,296,8
331,4076,23
331,5922,2
331,6247,4
331,6738,13
331,12138,5
331,13240,56
331,15429,13
331,15747,2
331,16180,5
331,19009,1
332,4114,9
332,6350,6
333,1446,2
333,10279,26
333,10743,1
333,11493,54
333,13240,4
333,13506,1
333,15827,2
333,19875,7
334,1336,8
334,9780,16
334,9821,3
334,10221,5
334,13240,101
334,13439,182
334,14483,112
334,18081,2
334,18978,25
334,19626,11
335,211,49
335,2425,3
335,3214,2
335,4751,1
335,5477,5
335,6276,2
335,9821,40
335,11810,30
335,12138,23
335,12827,3
335,12985,2
335,14006,34
335,15818,8
335,16591,5
335,17988,15
335,18228,2
335,18317,7
336,201,15
336,901,42
336,3474,6
336,4114,930
336,6882,7
336,7153,2
336,8832,3
336,9102,56
336,9821,76
336,10779,2
336,11794,11
336,11810,7
336,12138,1
336,12641,137
336,16180,58
336,16479,3
336,16756,14
336,17059,2
336,17385,53
336,17413,2
336,18132,48
336,19221,11
337,510,3
337,1643,2
337,1722,3
337,3154,6
337,3547,5
337,3796,40
337,4114,37
337,5004,94
337,5844,15
337,8769,8
337,9613,5
337,9821,13
337,10352,28
337,13184,2
337,14470,3
337,16180,46
337,18081,17
337,18551,482
338,360,8
338,613,45
338,673,3
338,735,3
338,938,4
338,1088,2
338,1996,2
338,2459,8
338,4418,1
338,4521,16
338,4556,3
338,4953,2
338,5030,18
338,5430,2
338,5479,1
338,5844,64
338,6202,12
338,6247,5
338,6311,12
338,6475,127
338,7186,19
338,7260,18
338,7763,1
338,9152,2
338,9821,20
338,10352,69
338,11097,13
338,11312,2
338,11609,1
338,11681,1
338,11986,14
338,12185,7
338,12602,28
338,12641,1
338,12923,51
338,12985,1
338,13240,76
338,13256,14
338,13396,6
338,13454,3
338,13563,4
338,13988,2
338,14006,39
338,14338,293
338,14769,5
338,14843,1
338,15048,1
338,15199,46
338,15318,6
338,15365,3
338,15397,6
338,15465,7
338,15525,9
338,15998,16
338,16107,5
338,16112,1
338,16180,50
338,16838,5
338,17034,29
338,17477,17
338,17555,3
338,17686,11
338,17829,8
338,18081,9
338,18190,1
338,18317,4
338,18915,18
338,18994,5
338,19022,6
338,19269,10
338,19533,5
338,19718,11
339,138,13
339,274,6
339,1633,5
339,2804,7
339,4076,1
339,4271,1
339,4583,115
339,5844,26
339,5932,3
339,7062,86
339,7782,26
339,8397,5
339,8431,1
339,9168,1
339,9613,2
339,9821,46
339,9973,4
339,10112,10
339,10279,3
339,10639,13
339,11003,4
339,12218,2
339,12495,1
339,13778,14
339,14130,9
339,15063,72
339,15072,3
339,15343,10
339,15747,1
339,15998,25
339,16470,1
339,17419,1
339,17887,3
339,18994,25
339,19524,3
339,19684,3
340,1265,60
340,1392,9
340,1633,60
340,2925,4
340,4076,1
340,5845,2
340,6040,4
340,9523,4
340,9821,300
340,10743,1
340,16669,2
340,17158,1
340,17323,23
340,17419,7
340,17917,10
341,2146,2
341,3033,6
341,5723,11
341,14058,2
341,19626,9
342,2901,25
342,3961,2
342,9114,33
342,9821,13
342,11504,2
342,15835,2
343,6484,1
343,13240,216
343,17771,2
344,896,19
344,2267,2
344,4255,3
344,5661,1
344,6311,18
344,7202,95
344,9168,1
344,9821,139
344,10114,5
344,10275,5
344,13240,14
344,18291,117
344,19533,2
344,19541,1
345,901,2
345,1244,3
345,1722,6
345,4823,1
345,9821,3
345,10973,1
345,12143,5
345,12300,1
345,12627,2
345,12641,4
345,14804,75
345,15823,4
345,15890,2
345,16177,4
345,16180,2
345,16368,4
345,18949,35
346,1037,1
346,1446,1
346,1558,3
346,3146,1
346,3375,1
346,3914,4
346,4521,3
346,4639,1
346,5844,1
346,6311,12
346,6356,3
346,6908,1
346,6922,2
346,9821,33
346,11246,5
346,11609,2
346,12652,7
346,13147,1
346,13240,163
346,13943,2
346,14006,4
346,15072,19
346,15429,9
346,16180,73
346,16269,9
346,16331,1
346,17045,2
346,19193,1
346,19295,31
347,197,5
347,503,1
347,9821,3
347,10469,5
347,11486,2
347,12016,15
347,12564,2
347,12652,35
347,14470,7
347,14755,2
347,16107,12
347,16254,34
347,16669,44
347,17403,38
347,18011,2
347,19022,4
348,385,11
348,1472,3
348,1641,1
348,1778,44
348,1861,18
348,2787,5
348,4076,379
348,4188,33
348,4744,1
348,5477,3
348,5844,7
348,5996,12
348,6311,1
348,8361,3
348,8431,55
348,9821,244
348,12138,1
348,12143,19
348,12456,19
348,12652,1
348,12779,1
348,13240,44
348,14479,4
348,14859,1
348,15237,17
348,15304,6
348,15823,8
348,16180,100
348,17413,8
348,18682,2
348,18776,1
348,18940,4
348,19009,7
348,19022,3
349,295,22
349,394,2
349,594,8
349,608,23
349,861,29
349,2664,3
349,2684,35
349,4076,2
349,4744,7
349,5479,1
349,5695,1
349,5844,18
349,7362,10
349,8397,29
349,8991,2
349,9114,3
349,9613,1
349,9688,37
349,9821,145
349,10034,1
349,10540,11
349,11496,9
349,12027,3
349,13240,91
349,13628,28
349,14130,2
349,15048,6
349,15424,2
349,16180,2
349,16269,5
349,17686,1
349,17695,11
349,18964,3
349,19412,2
349,19521,3
350,1633,27
350,16180,10
350,17356,10
350,18081,60
351,1679,2
351,2334,10
351,4326,2
351,6087,475
351,7876,4
351,9821,13
351,10933,3
352,1931,26
352,2636,17
352,3547,11
352,4255,10
352,9821,10
352,10671,8
352,11284,4
352,11312,2
352,12420,2
352,13033,14
352,14490,1
352,16180,5
353,9821,7
353,13168,1
353,14479,173
353,15998,1
353,17561,2
353,19626,7
354,1244,9
354,1722,29
354,5844,110
354,8431,2
354,9821,66
354,12187,30
354,13396,2
354,15949,33
354,17413,2
355,1834,11
355,1931,14
355,3149,13
355,5065,6
355,5794,2
355,8295,21
355,8991,12
355,9821,10
355,13240,3
355,14035,15
355,15465,2
355,16180,61
355,17158,19
355,19261,286
355,19697,3
355,19792,1
356,3169,207
356,4650,333
356,9821,56
356,9947,2
356,11246,11
356,12641,6
356,13850,2
356,15134,3
356,15592,5
356,16008,11
356,16180,2
357,1446,10
357,7587,1
357,9821,30
357,10183,1
357,11085,74
357,11312,27
357,11556,2
357,13312,14
357,14843,5
357,16757,3
357,19119,1
357,19281,18
358,792,74
358,4076,9
358,9821,17
358,12530,74
358,16180,23
359,61,5
359,1558,2
359,2805,1
359,3109,3
359,3688,48
359,4953,3
359,5583,14
359,6689,22
359,9428,4
359,9613,2
359,9821,112
359,11246,14
359,11539,2
359,13240,3
359,14843,8
359,15285,3
359,15823,3
359,17158,12
359,17323,2
359,19524,2
360,751,20
360,1342,29
360,1446,7
360,4846,5
360,5793,1
360,5969,78
360,6721,2
360,7363,2
360,9821,3
360,9858,2
360,10183,4
360,11246,22
360,11956,2
360,13182,3
360,13240,42
360,14481,2
360,16180,76
360,19204,1
360,19221,4
361,938,50
361,7204,6
361,15365,13
361,16180,28
361,17131,12
361,17751,220
362,9821,33
362,11246,13
362,18579,23
363,198,2
363,600,5
363,938,19
363,1150,49
363,1504,10
363,1641,3
363,1931,14
363,2261,1
363,3970,26
363,3993,50
363,4736,21
363,4849,7
363,4953,4
363,5723,3
363,8279,12
363,9150,6
363,9523,14
363,9821,990
363,10352,26
363,10592,1
363,10847,1
363,11239,3
363,11539,5
363,11998,1
363,12314,21
363,12923,1
363,13240,4
363,14273,2
363,14602,6
363,14770,3
363,15397,1
363,15818,5
363,15899,2
363,16180,45
363,16697,8
363,16961,3
363,17131,1
363,18291,11
363,19010,18
363,19524,3
363,19875,38
364,600,7
364,1094,11
364,1336,3
364,1518,34
364,1641,4
364,2108,6
364,2459,3
364,2590,12
364,2619,4
364,2817,1
364,2925,39
364,3214,2
364,3503,2
364,3547,18
364,3647,30
364,3790,2
364,3985,4
364,4079,7
364,4114,8
364,5218,1
364,5459,7
364,5477,24
364,5479,22
364,5565,89
364,5807,1
364,5844,3
364,6721,133
364,7037,3
364,7482,10
364,7498,1
364,7666,42
364,7736,18
364,9288,14
364,9541,2
364,9613,7
364,9620,3
364,9752,3
364,9821,13
364,9858,3
364,10352,20
364,10592,14
364,11085,2
364,11496,1
364,11811,1
364,12210,10
364,12427,2
364,12602,1
364,12780,1
364,13526,2
364,13932,50
364,14006,2
364,14300,2
364,14478,1
364,14494,120
364,15063,191
364,15226,16
364,15747,66
364,15949,1
364,16107,5
364,16121,5
364,16180,13
364,16631,3
364,17158,5
364,17295,3
364,17385,1
364,17555,6
364,17686,10
364,18317,1
364,19535,21
365,393,1
365,1370,6
365,2775,2
365,3202,1
365,5459,2
365,7114,1
365,9821,158
365,11496,3
365,13240,7
365,13563,10
365,14842,3
365,15465,16
365,16180,2
365,18693,2
365,19244,1
366,608,8
366,792,3
366,4916,9
366,5824,18
366,5844,13
366,7256,2
366,8991,26
366,14176,10
367,927,1
367,938,1
367,1158,3
367,2267,2
367,2599,6
367,2787,3
367,3993,1
367,4255,5
367,4280,5
367,5109,4
367,5450,4
367,5844,89
367,7153,11
367,7204,7
367,8544,4
367,8945,3
367,9604,2
367,9821,56
367,9976,22
367,10183,1
367,10667,1
367,11815,24
367,14804,2
367,15565,1
367,15639,21
367,15857,1
367,15883,12
367,16090,4
367,16180,5
367,16269,1
367,16290,9
367,18723,15
367,18776,7
367,18800,2
368,820,1
368,1284,3
368,1755,3
368,3098,7
368,5030,3
368,5230,1
368,5844,42
368,6939,201
368,7666,71
368,9821,7
368,10816,1
368,11779,1
368,13240,10
368,13435,7
368,15048,19
368,15925,1
368,16180,66
368,16256,21
368,17743,7
369,1861,146
369,7008,63
369,7876,7
369,8631,1
369,9102,196
369,12138,24
369,13240,1
369,14072,5
369,19544,1
369,19626,8
370,1317,7
370,1683,2
370,1875,5
370,2530,2
370,2925,23
370,3098,9
370,3608,4
370,4076,2
370,4091,3
370,4420,15
370,4583,18
370,7062,12
370,7260,6
370,8975,5
370,9821,7
370,9957,1
370,10228,17
370,11246,7
370,11967,30
370,12300,4
370,12314,1
370,13995,1
370,14006,4
370,14843,7
370,15424,5
370,15592,5
370,16180,12
370,16269,17
370,16448,7
370,17158,64
370,18081,206
370,19490,3
371,7224,4
371,9064,5
371,9821,10
371,15818,4
371,18268,1
372,3993,6
372,5793,1
372,12210,2
372,15981,20
372,16288,2
372,19644,2
373,104,3
373,1461,2
373,1576,1
373,3474,1
373,3993,14
373,9613,6
373,10352,1
373,11187,6
373,11246,5
373,12827,5
373,13203,228
373,13240,6
373,13563,2
373,15149,1
373,15592,7
373,16256,1
373,17323,3
374,104,3
374,3267,2
374,3854,10
374,7498,8
374,8985,21
374,9821,76
374,11609,4
374,14985,2
374,16918,2
374,17385,79
374,18262,2
374,19255,5
374,19496,4
375,608,8
375,1023,42
375,2756,10
375,3278,3
375,4669,223
375,4953,2
375,5844,8
375,6198,1
375,6689,2
375,7124,3
375,8561,30
375,9168,7
375,9518,2
375,9821,13
375,10592,4
375,12673,2
375,12820,1
375,13240,1
375,15072,2
375,16112,1
375,16180,10
375,18268,5
375,18551,4
376,1244,11
376,1342,2
376,2636,10
376,3281,1
376,3590,5
376,5006,8
376,5152,1
376,5600,22
376,5844,3
376,6040,8
376,6303,5
376,7723,2
376,8431,1
376,9024,4
376,9096,2
376,9152,40
376,9197,4
376,9613,1
376,9821,13
376,10352,3
376,11972,2
376,12255,1
376,12641,1
376,12652,81
376,13428,2
376,13466,2
376,14470,8
376,15134,3
376,15891,9
376,15990,12
376,16180,2
376,16495,8
376,17131,3
376,17588,5
376,18291,14
376,18551,5
376,18940,42
376,19022,2
376,19119,9
376,19221,2
377,61,1
377,17780,5
377,18317,2
378,3214,2
378,4076,179
378,9821,7
378,11085,21
378,11779,59
378,11954,10
378,12255,4
378,13240,18
378,14058,3
378,18822,8
378,18885,11
378,19281,1
379,295,1
379,394,6
379,1032,3
379,1158,1
379,1469,2
379,1670,98
379,1722,11
379,1903,1
379,2287,2
379,2473,2
379,2606,86
379,2925,18
379,3146,13
379,3985,26
379,4076,17
379,4218,4
379,4744,2
379,4751,13
379,4794,15
379,5583,3
379,5844,12
379,5936,9
379,6040,4
379,6311,32
379,6686,5
379,6721,14
379,6908,3
379,7037,3
379,7224,57
379,7845,38
379,8431,5
379,8561,1
379,8645,404
379,9523,3
379,9613,2
379,9821,17
379,10114,42
379,10183,3
379,10352,11
379,10930,2
379,10933,38
379,10973,43
379,11239,3
379,11244,148
379,11246,35
379,11401,11
379,11458,1
379,11798,3
379,11815,8
379,11998,15
379,12152,1
379,12420,7
379,12427,1
379,12602,2
379,13160,2
379,13240,3
379,14006,1
379,14273,26
379,14338,1
379,14483,1
379,14893,23
379,15072,3
379,15105,1013
379,15199,1
379,15227,1
379,15237,1
379,15307,17
379,15857,1
379,16180,22
379,17042,1
379,17158,8
379,17771,1
379,17890,3
379,18291,19
379,18317,4
379,18551,1
379,19022,2
379,19119,3
379,19626,7
379,19875,1
380,201,2
380,2454,18
380,3479,22
380,7444,41
380,9821,3
380,15990,1
380,19009,3
381,3387,17
381,5844,1
381,8431,25
381,9821,3
381,9864,3
381,16180,8
382,3145,5
383,613,2
383,3667,3
383,3985,1
383,5844,166
383,6311,6
383,7062,3
383,9821,10
383,12433,6
383,12641,15
383,12676,4
383,13393,13
383,14985,2
383,19626,4
384,114,43
384,1679,5
384,3796,33
384,4521,15
384,5565,16
384,5826,9
384,5844,11
384,8975,2
384,9821,132
384,11246,10
384,11354,1
384,13240,4
384,13420,2
384,14545,5
384,14770,2
384,14804,12
384,15823,2
384,16269,1
384,17780,262
384,19204,22
384,19626,8
385,622,3
385,2834,2
385,3460,3
385,4953,1
385,6031,5
385,7257,9
385,7448,6
385,8991,6
385,9821,10
385,10639,3
385,11170,27
385,12184,4
385,12263,3
385,13815,125
385,14066,3
385,14479,17
385,15174,1
385,16180,125
385,17295,59
385,17323,12
385,19370,2
386,296,23
386,3336,2
386,7673,12
386,13435,2
387,2636,42
387,3387,199
387,4255,47
387,7114,24
387,7153,3
387,9821,20
387,10352,3
387,12652,1
387,14748,6
387,15023,5
387,15434,8
387,17686,9
388,2885,3
388,3547,15
388,3667,27
388,4583,6
388,4893,29
388,6696,7
388,7037,7
388,7224,12
388,7551,4
388,9168,3
388,9821,26
388,13240,10
388,14610,3
388,15494,4
388,17078,2
389,1150,3
389,1996,6
389,4076,41
389,6813,6
389,7281,1
389,9168,28
389,9821,33
389,10916,2
389,15465,9
389,15685,8
389,16269,7
389,18680,62
389,19022,6
390,9821,7
390,11284,22
390,16256,13
390,18776,5
391,927,2
391,1641,3
391,2371,1
391,4650,2
391,6247,8
391,7062,1
391,10432,2
391,12530,2
391,13240,14
391,15048,1
391,15237,7
391,15827,25
391,17771,4
392,1767,2
392,5793,35
392,6040,4
392,9821,10
392,16180,32
393,9821,33
393,15857,12
394,27,4
394,295,6
394,478,1
394,1461,11
394,2804,2
394,2925,35
394,4521,10
394,5844,1
394,6350,10
394,6918,4
394,7037,16
394,9024,154
394,9821,7
394,12641,2
394,13240,3
394,14338,2
394,14578,7
394,15990,2
394,16180,17
394,16331,2
394,18474,2
394,18680,2
394,18949,3
394,19653,6
395,22,4
395,1336,1
395,4255,115
395,4751,8
395,5836,25
395,7008,19
395,7062,1
395,9821,20
395,9864,3
395,9957,15
395,12048,4
395,12649,5
395,13240,6
395,19022,9
396,901,1
396,1284,154
396,4218,5
396,5565,18
396,6311,8
396,8561,2
396,9821,36
396,10639,2
396,10671,1
396,11401,2
396,11967,32
396,12149,2
396,12495,43
396,12564,1
396,13563,23
396,14842,1
396,15478,165
396,15592,20
396,16180,2
396,16631,5
396,16757,14
396,18081,15
397,861,8
397,4255,7
397,9821,587
397,15857,2
397,16470,1
397,18925,2
397,19022,6
398,788,1
398,1366,9
398,1518,7
398,2431,3
398,4490,12
398,4924,1
398,5844,5
398,8431,30
398,9688,22
398,9821,7
398,10352,3
398,11556,3
398,12138,2
398,13312,3
398,13318,2
398,14483,5
398,15048,2
398,15823,30
398,16180,27
398,17686,2
398,17695,2
398,19792,3
399,104,1
399,116,3
399,353,4
399,605,5
399,1778,2
399,2885,3
399,3278,25
399,4076,5
399,4669,22
399,5626,1
399,5844,48
399,5845,45
399,6874,5
399,7782,1
399,8431,25
399,8832,2
399,9821,178
399,11239,2
399,11246,10
399,11859,3
399,12495,51
399,13033,1
399,13240,98
399,13317,1
399,14130,1
399,14470,10
399,14479,7
399,15048,1
399,16112,2
399,17345,7
399,18228,9
399,18702,2
399,19022,2
400,615,4
400,622,3
400,938,3
400,1392,1
400,1899,2
400,1982,5
400,2431,5
400,3169,3
400,3387,2
400,3474,8
400,3479,9
400,3667,18
400,3688,2
400,3985,4
400,4751,71
400,4938,3
400,5695,1
400,5844,30
400,6031,1
400,6040,1
400,6247,1
400,6908,1
400,7124,12
400,7281,8
400,7541,1
400,7654,4
400,8431,2
400,9412,1
400,9613,27
400,9821,3
400,10449,1
400,10592,1
400,10679,10
400,11187,280
400,11246,10
400,12372,4
400,12602,26
400,12827,1
400,12875,2
400,12923,22
400,13240,7
400,13483,5
400,13563,2
400,14006,3
400,14244,3
400,14340,3
400,14490,5
400,14513,87
400,14602,19
400,14804,1
400,15063,8
400,15293,5
400,15616,2
400,15740,3
400,15818,4
400,16180,8
400,16524,2
400,16669,1
400,16953,10
400,17158,28
400,17561,17
400,17905,2
400,17988,7
400,18081,3
400,18682,122
400,18800,3
400,19022,2
400,19204,4
400,19799,24
401,244,111
401,2530,1
401,2756,3
401,2925,25
401,3580,3
401,4218,12
401,4924,1
401,5004,3
401,5626,26
401,5936,25
401,7037,41
401,7115,2
401,7257,1
401,8090,2
401,9081,3
401,9613,13
401,9821,3
401,11967,1
401,12495,1
401,13240,6
401,14314,10
401,16920,9
401,17034,9
401,17403,48
401,18081,4
401,18551,1
401,19718,2
402,1446,56
402,1982,27
402,5583,2
402,5844,11
402,5998,5
402,6908,1
402,7188,3
402,9561,55
402,9821,3
402,10916,4
402,11336,10
402,11815,1
402,12382,24
402,13393,5
402,15863,7
402,16180,3
402,19009,12
402,19340,25
403,4255,9
403,9821,7
403,13240,27
404,1392,16
404,1722,13
404,2431,1
404,9821,49
404,10183,10
404,11064,10
404,11998,3
404,13240,37
404,16290,1
404,16855,9
404,16961,11
405,10279,5
405,14431,8
405,16180,5
406,8051,1
406,9821,10
406,12364,102
406,13506,1
406,18551,3
407,114,36
407,244,3
407,605,1
407,1037,2
407,1446,50
407,1633,9
407,1641,209
407,1667,8
407,1675,2
407,1918,22
407,2530,8
407,2679,8
407,3169,1
407,3278,1
407,3479,45
407,3580,3
407,4076,1
407,4331,26
407,4639,3
407,5230,1
407,5450,2
407,5723,1
407,5762,2
407,5787,3
407,5844,4
407,6311,5
407,6738,44
407,7037,4
407,7062,2
407,8631,4
407,8830,3
407,8932,1
407,9207,1
407,9214,2
407,9298,2
407,9613,1
407,9657,17
407,9821,3
407,9973,9
407,10114,2
407,10223,13
407,10279,3
407,10592,20
407,11246,15
407,11462,23
407,12057,7
407,12096,18
407,12495,6
407,12677,6
407,13240,1
407,13254,2
407,13312,2
407,13337,8
407,13396,3
407,13466,9
407,13654,40
407,13675,21
407,14006,13
407,14244,1
407,14338,35
407,14347,4
407,14985,14
407,15237,13
407,15461,24
407,15531,58
407,15592,29
407,15747,6
407,15983,4
407,16107,32
407,16180,40
407,16405,17
407,16524,12
407,16912,18
407,16953,92
407,17131,32
407,17555,132
407,17603,1
407,18081,10
407,18252,23
407,18262,29
407,18268,12
407,19022,7
407,19255,13
407,19521,3
407,19535,1
408,2108,23
408,4639,4
408,5503,19
408,9821,46
409,19162,9
410,622,3
410,1336,14
410,1722,5
410,1766,4
410,3387,5
410,3985,11
410,4011,6
410,4639,11
410,5769,6
410,5844,1
410,6696,4
410,9821,59
410,11284,12
410,11458,34
410,11810,1
410,11811,6
410,12174,9
410,12627,40
410,12641,108
410,13147,1
410,13240,41
410,13850,17
410,14130,2
410,14770,11
410,15227,1
410,17989,9
410,19533,1
411,5844,1
411,6040,1
411,8431,97
411,9821,3
411,15199,3
411,16855,2
412,510,3
412,901,3
412,4639,1
412,5313,73
412,5844,46
412,6247,2
412,6311,25
412,7037,5
412,7736,40
412,9025,3
412,9096,11
412,9821,10
412,9950,97
412,10432,1
412,12185,3
412,12346,1
412,13184,9
412,14130,21
412,14859,25
412,15048,4
412,15573,2
412,16180,5
412,16598,10
412,17347,1
412,17555,7
412,18853,34
413,11486,3
413,13254,5
413,18081,1
413,19261,16
414,1470,2
414,4076,2
414,4588,3
414,9064,1
414,9613,184
414,10469,2
414,14006,5
414,17988,2
415,1370,1
415,1614,1
415,1918,1
415,3214,1
415,3387,27
415,3590,1
415,3914,5
415,4076,9
415,4080,72
415,5695,1
415,5703,3
415,5844,31
415,6497,10
415,7037,3
415,7595,7
415,9613,16
415,9821,13
415,10183,46
415,10306,6
415,10926,2
415,11246,50
415,12780,2
415,13240,23
415,13346,2
415,13396,2
415,14338,2
415,15237,3
415,15465,1
415,15592,3
415,15849,36
415,16112,3
415,16757,13
415,17295,3
415,17670,10
415,17686,13
415,17771,25
415,18252,1
415,18551,6
415,19022,1
415,19269,6
416,820,13
416,10847,13
416,19144,2
417,605,22
417,673,1
417,4953,1
417,5030,16
417,5769,4
417,7551,1
417,9156,1
417,9821,13
417,15565,3
417,18885,3
418,114,50
418,393,1
418,565,3
418,2606,1
418,3387,1
418,4255,2
418,4924,13
418,5285,4
418,9821,198
418,11085,38
418,11430,1
418,12187,9
418,13240,31
418,15048,10
418,16180,15
418,18291,2
419,4468,3
419,4751,18
419,9821,7
419,11246,4
419,14494,39
419,19410,5
420,447,2
420,1469,1
420,1633,1
420,1670,172
420,3796,1
420,6247,2
420,8051,2
420,9613,1
420,9821,406
420,12495,1
420,15478,1
420,18814,1
420,19716,2
420,19792,2
420,19957,9
421,594,168
421,1470,4
421,3620,1
421,4490,3
421,5794,1
421,6039,13
421,8431,2
421,10112,2
421,13317,2
421,14609,10
421,15547,8
421,15818,9
422,1023,2
422,2619,45
422,4218,11
422,5844,1
422,8165,1
422,8414,10
422,8431,2
422,9821,7
422,10279,1
422,11810,2
422,12149,2
422,12184,58
422,12495,8
422,13346,3
422,14889,7
422,15226,8
422,15227,13
422,15925,4
422,17555,71
422,19221,4
423,360,5
423,901,8
423,1903,6
423,2108,296
423,3109,3
423,3401,1
423,3667,82
423,3820,4
423,4076,41
423,4556,16
423,4669,1
423,4744,7
423,4924,70
423,5844,3
423,5845,16
423,6625,6
423,6782,31
423,6908,11
423,7114,17
423,7260,12
423,7287,144
423,7942,1
423,8609,26
423,9667,3
423,9821,3
423,10352,4
423,10432,1
423,10592,4
423,10847,4
423,10916,1
423,10933,3
423,10936,4
423,11045,458
423,11085,1
423,11462,5
423,11510,5
423,11539,4
423,11998,8
423,12110,2
423,12143,6
423,12185,20
423,12245,11
423,12263,81
423,12530,3
423,12872,107
423,13065,10
423,13256,1
423,13420,8
423,13728,2
423,13850,3
423,14300,1
423,14479,1
423,14490,3
423,14580,2
423,14889,8
423,15048,1
423,15199,1
423,15227,6
423,15429,4
423,15940,57
423,16180,8
423,16697,9
423,16920,3
423,17034,70
423,17323,3
423,17356,16
423,17555,34
423,17588,9
423,17917,3
423,18081,13
423,18252,19
423,18272,2
423,18291,11
423,18317,16
423,19653,1
423,19680,4
424,51,2
424,104,22
424,116,3
424,211,3
424,298,2
424,795,1
424,896,1
424,1032,5
424,1123,4
424,1336,4
424,1469,114
424,1627,8
424,1633,5
424,1641,273
424,1722,2
424,2015,14
424,2016,1
424,2636,21
424,2699,3
424,2756,2
424,2828,3
424,3146,13
424,3169,3
424,3278,3
424,3298,6
424,3375,1
424,3387,1
424,3395,3
424,3479,20
424,3547,2
424,3796,41
424,3858,7
424,3876,19
424,3970,8
424,4027,2
424,4076,6
424,4079,7
424,4255,1
424,4271,6
424,4473,71
424,4591,3
424,4924,8
424,5152,5
424,5450,8
424,5479,7
424,5503,22
424,5695,7
424,5723,5
424,5793,93
424,5844,1
424,5922,3
424,5996,5
424,5998,15
424,6040,1
424,6133,7
424,6311,1
424,6625,2
424,6686,13
424,6814,2
424,6908,10
424,7037,11
424,7153,6
424,7193,29
424,7224,1
424,7260,3
424,7333,1
424,7533,5
424,7666,101
424,7763,1
424,7785,4
424,8165,8
424,8431,1
424,8559,4
424,8561,2
424,8991,163
424,9102,1
424,9168,6
424,9338,7
424,9403,3
424,9541,2
424,9613,8
424,9667,9
424,9821,89
424,9950,2
424,10117,3
424,10148,2
424,10183,3
424,10260,6
424,10279,66
424,10331,230
424,10352,3
424,10592,12
424,10679,1
424,11003,2
424,11085,6
424,11170,13
424,11246,2
424,11481,1
424,11535,5
424,11676,1
424,11810,3
424,11811,2
424,11859,1
424,11986,3
424,12174,74
424,12300,1
424,12372,22
424,12495,7
424,12641,6
424,12649,11
424,12652,23
424,12780,5
424,12923,4
424,12985,1
424,13033,5
424,13043,10
424,13147,3
424,13240,1
424,13413,1
424,13628,3
424,13841,2
424,13854,149
424,13911,3
424,13943,1
424,14006,2
424,14066,7
424,14199,2
424,14244,16
424,14470,1
424,14626,1
424,14748,1
424,15072,204
424,15210,11
424,15307,13
424,15309,5
424,15429,4
424,15465,2
424,15639,2
424,15747,79
424,15811,2
424,15835,10
424,15839,2
424,15899,1
424,15965,59
424,16112,3
424,16180,20
424,16331,20
424,16470,3
424,16591,2
424,17158,1
424,17295,1
424,17393,2
424,17603,13
424,17670,3
424,17686,1
424,17833,6
424,17917,62
424,18081,2
424,18291,1
424,18317,4
424,18389,14
424,18682,6
424,18922,10
424,18949,51
424,18994,5
424,19009,2
424,19022,1
424,19204,2
424,19221,46
424,19370,15
424,19478,35
424,19624,17
424,19626,7
424,19740,2
425,901,6
425,2213,65
425,2364,4
425,3203,3
425,3547,2
425,3856,14
425,5844,20
425,6625,1
425,8397,33
425,9821,17
425,11085,1
425,12300,11
425,12866,1
425,13435,2
425,13841,49
425,14931,35
425,16180,7
425,17603,46
425,19022,410
426,1982,3
426,4218,4
426,5844,3
426,9168,61
426,9288,5
426,9613,2
426,9821,49
426,12027,8
426,12138,1
426,14483,1
426,16495,6
427,1918,2
427,5844,4
427,9064,7
427,9821,10
427,10352,15
427,12827,1
427,13240,24
427,13312,22
427,13506,3
427,13916,5
427,14758,39
427,16180,2
427,16697,9
427,17555,13
427,18081,2
427,18268,1
427,18853,1
427,19626,1
427,19655,15
428,1426,23
428,2287,4
428,3169,5
428,5844,75
428,9821,7
428,15237,6
428,15949,5
428,16269,3
428,17798,13
428,18081,2
429,820,3
429,2925,1
430,1469,79
430,3448,36
430,3547,15
430,4091,5
430,4876,6
430,9821,7
430,10435,2
430,11032,72
430,13240,4
430,14859,4
430,19792,2
431,861,1
431,901,1
431,1037,2
431,1336,1
431,1457,5
431,2108,2
431,2901,1
431,3620,49
431,3796,1
431,5152,1
431,5844,18
431,5998,10
431,6311,9
431,6738,2
431,8544,4
431,9821,10
431,10352,2
431,11589,69
431,12495,7
431,13563,3
431,14264,9
431,14425,25
431,15237,3
431,15461,24
431,15525,8
431,15890,2
431,15983,25
431,16953,13
431,17042,7
431,17887,8
431,18272,1
431,19022,13
431,19112,2
431,19322,2
431,19718,28
432,6689,2
432,12174,4
432,12228,1
433,3336,4
433,8974,12
433,9821,23
433,19022,9
434,600,14
434,3547,5
434,5477,1
434,5844,27
434,9096,1
434,12382,5
434,14338,2
435,735,2
435,1670,6
435,3985,31
435,4387,10
435,4924,2
435,6311,97
435,6738,31
435,7202,1
435,7688,7
435,9821,76
435,13240,177
435,14347,8
435,15048,6
435,17078,2
435,17780,2
435,18081,27
435,18228,24
436,27,9
436,116,32
436,197,97
436,404,2
436,438,52
436,447,3
436,605,4
436,608,76
436,651,4
436,755,15
436,792,1
436,820,5
436,896,2
436,901,1
436,1342,3
436,1370,2
436,1470,11
436,1518,3
436,1564,3
436,1722,27
436,1797,21
436,1931,37
436,2431,80
436,2490,3
436,2756,4
436,3474,7
436,3547,1
436,3993,135
436,4076,12
436,4218,2
436,4280,27
436,4420,46
436,4490,8
436,4521,18
436,4924,3
436,5030,2
436,5152,2
436,5285,3
436,5477,119
436,5530,5
436,5689,1
436,5787,3
436,5844,3
436,6040,4
436,6190,7
436,6247,25
436,6529,7
436,6738,213
436,6824,1
436,6874,40
436,7045,3
436,7124,7
436,7260,4
436,7422,2
436,7800,21
436,8319,6
436,8431,3
436,8561,7
436,9038,2
436,9096,3
436,9288,2
436,9354,26
436,9613,2
436,9821,284
436,10279,8
436,10352,38
436,10435,3
436,10667,19
436,10853,18
436,10856,2
436,11244,3
436,11246,1
436,11354,1
436,11510,2
436,11539,4
436,11810,6
436,11998,11
436,12143,23
436,12185,8
436,12192,1
436,12228,1
436,12255,1
436,12423,10
436,12495,2
436,12564,1
436,12649,18
436,13240,6
436,13256,1
436,13766,3
436,13943,16
436,14178,3
436,14244,2
436,14300,2
436,14338,2
436,14804,2
436,14859,26
436,15023,28
436,15199,11
436,15221,8
436,15429,2
436,15592,42
436,15811,8
436,15823,12
436,15981,261
436,16180,3
436,16288,8
436,16544,221
436,16669,3
436,16756,32
436,16799,3
436,17254,16
436,17356,16
436,17403,10
436,17988,1
436,18081,24
436,18228,28
436,18317,5
436,18551,3
436,18693,1
436,18783,2
436,18949,49
436,19022,2
436,19221,26
436,19281,10
436,19370,5
436,19490,1
436,19609,4
436,19626,15
436,19691,72
437,201,8
437,4076,15
437,6823,3
437,9620,3
437,16180,3
438,784,21
438,4076,1
438,7124,5
438,9821,3
438,12218,2
438,12495,11
438,14035,5
438,14800,1
438,15424,2
438,15990,76
438,16180,32
438,16687,3
438,17561,29
439,1504,6
439,1633,106
439,5095,10
439,9428,27
439,9864,1
439,9973,1
439,10933,7
439,11954,9
439,12495,1
439,12641,4
439,16180,3
439,16470,13
440,4639,3
440,6908,1
440,9207,2
440,9821,73
440,10671,10
440,14184,3
440,17356,2
440,19653,173
440,19828,2
441,3387,9
441,5069,2
441,7260,4
441,9821,30
441,10191,3
441,10275,9
441,12027,8
441,14479,32
441,14770,1
441,17158,5
441,19119,2
442,1032,1
442,5844,1
442,9821,7
442,10260,20
442,11342,2
442,12811,2
442,16180,103
442,16855,6
443,201,2
443,447,2
443,550,2
443,613,17
443,735,2
443,938,19
443,1366,1
443,1461,15
443,1614,43
443,1633,30
443,1670,1
443,1683,13
443,1970,1
443,1996,42
443,2346,10
443,2430,3
443,2599,1
443,2775,7
443,2853,7
443,2925,28
443,2926,4
443,3143,1
443,3146,6
443,3267,12
443,3278,19
443,3387,25
443,3389,2
443,3503,3
443,3547,22
443,3854,19
443,3985,2
443,4076,7
443,4079,5
443,4114,1
443,4255,16
443,4418,1
443,4490,17
443,4521,1
443,4666,2
443,4669,2
443,4751,1
443,4794,2
443,4849,7
443,4916,2
443,4924,2
443,5104,5
443,5194,39
443,5415,19
443,5450,2
443,5565,14
443,5661,7
443,5695,5
443,5741,97
443,5769,2
443,5826,3
443,5844,11
443,5936,6
443,6003,1
443,6031,4
443,6040,1
443,6133,2
443,6187,19
443,6223,3
443,6276,2
443,6311,21
443,6341,8
443,6483,2
443,6721,6
443,6975,2
443,7078,6
443,7124,41
443,7197,2
443,7224,8
443,7260,13
443,7281,3
443,7331,376
443,7333,1
443,7533,9
443,7634,2
443,7712,36
443,7736,18
443,7763,29
443,8319,128
443,8364,15
443,8397,2
443,8404,46
443,8431,287
443,8561,10
443,8681,36
443,9102,1
443,9402,2
443,9431,7
443,9613,1
443,9723,9
443,9821,109
443,9957,2
443,10237,8
443,10352,4
443,10413,38
443,10506,48
443,10612,1
443,10933,114
443,10936,1
443,11085,6
443,11239,11
443,11246,8
443,11486,28
443,11504,7
443,11507,10
443,11539,2
443,11702,12
443,12048,1
443,12110,1
443,12152,43
443,12263,2
443,12495,5
443,12530,4
443,12652,1
443,12827,1
443,12866,12
443,13240,1
443,13435,3
443,14006,7
443,14037,8
443,14273,28
443,14431,1
443,14479,2
443,14494,5
443,14578,2
443,14985,12
443,15023,2
443,15063,45
443,15072,14
443,15114,1
443,15174,3
443,15226,2
443,15237,12
443,15424,33
443,15429,11
443,15592,9
443,15823,1
443,15827,1
443,15983,4
443,16112,4
443,16180,33
443,16213,27
443,16256,9
443,16269,1
443,16288,8
443,16303,8
443,16379,9
443,16470,11
443,16495,1
443,16697,20
443,16737,1
443,16756,2
443,16918,2
443,16953,2
443,17158,33
443,17323,3
443,17403,1
443,17580,5
443,17603,8
443,17686,4
443,17890,2
443,18081,1
443,18228,44
443,18252,2
443,18262,1
443,18291,54
443,18317,2
443,18565,15
443,18579,14
443,18628,3
443,18853,1
443,18978,2
443,19204,4
443,19221,34
443,19269,14
443,19423,18
443,19496,11
443,19533,2
443,19593,5
443,19626,22
443,19653,10
443,19740,1
444,244,1
444,673,12
444,901,17
444,4521,7
444,6031,369
444,6040,3
444,7281,2
444,9152,3
444,9821,43
444,9957,11
444,10221,11
444,10275,7
444,11510,78
444,11609,54
444,11998,17
444,12827,1
444,13240,32
444,14347,8
444,14364,1
444,15022,11
444,15565,8
444,17441,3
444,18291,48
444,18714,6
444,19993,12
445,3146,3
445,5565,6
445,11693,16
445,12138,2
445,13240,24
445,15149,1
445,15823,1
445,16180,15
446,114,1
446,600,6
446,1366,11
446,1472,2
446,2346,1
446,2925,3
446,3267,7
446,3387,4
446,3547,47
446,3796,115
446,3874,2
446,4465,97
446,5459,55
446,6040,10
446,6223,35
446,8319,12
446,8681,5
446,9210,7
446,9403,7
446,9523,3
446,9821,82
446,10432,1
446,10718,6
446,11798,5
446,11998,1
446,12138,1
446,12143,1
446,12530,3
446,13240,3
446,13435,37
446,14275,6
446,14300,1
446,14483,23
446,15149,2
446,15465,52
446,17555,5
446,17821,1
446,18317,5
446,18406,41
447,1158,8
447,1244,2
447,1508,6
447,1996,8
447,5844,3
447,6003,4
447,7037,15
447,9613,2
447,9821,779
447,11284,3
447,13184,1
447,14275,4
447,16918,5
447,17686,5
447,18081,16
447,19142,3
448,1446,2
448,5230,8
448,5844,64
448,6003,1
448,6939,1
448,9821,99
448,13780,4
448,14843,3
448,15174,43
448,15639,2
448,16627,2
448,16757,4
448,18081,2
449,1244,114
449,4076,4
449,9518,2
449,10331,3
449,11458,48
449,13240,11
449,14494,2
449,16180,5
449,17457,27
449,18865,48
450,4076,18
450,4893,1
450,4924,9
450,9119,9
450,16180,2
450,16534,2
450,17419,3
450,17588,13
450,19144,2
451,7498,3
451,12228,8
451,17356,69
451,19022,8
452,5065,13
452,11998,2
453,927,2
453,1037,22
453,2015,27
453,2816,86
453,4076,1
453,5844,11
453,9821,7
453,11284,1
453,11556,184
453,11998,3
453,12048,11
453,13420,3
453,15023,2
453,15628,28
453,15740,6
453,16180,2
453,18081,22
454,201,15
454,1336,7
454,2599,7
454,3985,3
454,5844,3
454,7785,3
454,10367,9
454,16180,12
454,17452,1
454,18734,5
455,447,25
455,1125,13
455,2811,4
455,3146,3
455,3169,8
455,3214,2
455,5397,1
455,5844,1
455,9620,3
455,9821,10
455,10007,3
455,10112,2
455,10671,3
455,10916,11
455,11112,7
455,11815,13
455,12138,19
455,12495,1
455,13862,36
455,14770,1
455,15048,3
455,15193,63
455,15818,11
455,16180,65
455,16213,6
455,17771,2
455,18081,1
455,18262,1
455,19792,15
456,2944,5
456,8769,8
456,9821,36
456,14804,5
456,15173,3
457,938,2
457,7062,4
457,8397,1
457,13841,27
458,608,39
458,1446,6
458,1688,36
458,2925,12
458,3146,2
458,3985,2
458,4076,23
458,4465,2
458,5004,22
458,8645,1
458,9613,1
458,9821,13
458,10352,3
458,11239,22
458,12048,3
458,12641,20
458,12676,1
458,13240,24
458,14479,3
458,14511,4
458,14627,19
458,15925,33
458,17323,3
458,18064,70
458,18262,1
458,19119,1
459,4114,22
459,4331,9
459,8319,3
459,8561,3
459,11097,21
459,13240,37
459,14479,4
459,17045,18
459,17603,1
460,191,3
460,360,30
460,447,5
460,1094,34
460,1125,3
460,2371,1
460,3387,11
460,3474,1
460,5787,1
460,5844,20
460,6625,4
460,7029,32
460,7800,2
460,9096,4
460,9207,1
460,9688,4
460,9821,13
460,11779,9
460,12048,3
460,12862,59
460,12892,3
460,13081,1
460,13240,163
460,13396,249
460,13538,8
460,15151,2
460,17385,5
460,19221,9
461,3796,89
461,5787,91
461,9821,23
461,11486,3
461,13147,7
461,13240,30
461,14454,36
461,14626,9
461,15149,78
461,16180,2
461,16247,3
461,19792,8
462,394,7
462,735,14
462,1037,7
462,1336,3
462,1342,1
462,1366,2
462,1370,1
462,1918,1
462,2346,18
462,2473,4
462,2590,3
462,3146,1
462,3387,430
462,4074,1
462,4076,39
462,4114,5
462,4666,3
462,4751,5
462,4876,50
462,4953,1
462,5230,1
462,5695,132
462,5787,4
462,5844,1
462,5852,2
462,6040,20
462,6087,3
462,6223,3
462,6247,6
462,6303,1
462,6341,14
462,7029,76
462,7062,2
462,7281,1
462,7482,9
462,7725,2
462,8830,9
462,9168,1
462,9601,1
462,9821,10
462,10352,8
462,10853,10
462,10896,11
462,10936,9
462,11170,10
462,11246,2
462,11486,3
462,11496,49
462,11998,226
462,12187,1
462,12263,16
462,12495,2
462,12641,52
462,12827,5
462,13240,6
462,13728,57
462,14006,2
462,14347,2
462,14580,2
462,14757,5
462,15048,12
462,15465,11
462,15868,4
462,16024,5
462,16180,7
462,16470,10
462,16848,3
462,16849,2
462,17121,3
462,17561,2
462,17927,2
462,18081,21
462,18158,116
462,18940,3
462,19009,4
462,19022,5
462,19410,3
462,19626,8
463,51,2
463,114,1
463,2371,1
463,3098,4
463,3281,1
463,3790,2
463,4076,814
463,4556,8
463,5397,3
463,6484,7
463,7736,8
463,8094,7
463,8631,98
463,9024,17
463,9327,9
463,9821,73
463,9858,2
463,11187,1
463,11246,2
463,12048,201
463,13240,20
463,14058,1
463,16669,8
463,18011,24
463,18317,104
463,19626,2
464,1392,4
464,1903,54
464,4953,16
464,5583,1372
464,5844,11
464,6048,2
464,6276,6
464,7725,15
464,8431,1
464,9821,59
464,10352,7
464,11085,1
464,13240,10
464,13841,2
464,13988,1
464,16290,2
464,19221,1
464,19626,3
465,1336,3
465,1446,30
465,1722,3
465,2331,1
465,4953,1
465,6341,2
465,7008,1
465,8404,15
465,8431,2
465,9428,12
465,9620,12
465,9821,3
465,9976,2
465,10586,3
465,10623,6
465,11676,1
465,12495,2
465,13563,2
465,14300,1
465,15818,13
465,15827,2
465,16470,5
465,17356,1
465,17466,2
465,18081,10
465,18467,12
465,18551,1
466,1336,1
466,4938,10
466,5969,2
466,7078,14
466,9821,20
466,13171,7
466,15573,1
466,15835,2
466,18551,16
467,2015,2
467,12110,19
468,503,47
468,3267,1
468,3478,5
468,4076,2
468,5565,34
468,6824,8
468,9821,3
468,11246,11
468,11676,2
468,11810,1
468,12138,8
468,12827,2
468,13240,362
468,14006,3
468,15048,1
468,15221,19
468,16180,2
469,114,3
469,218,1
469,438,2
469,1150,40
469,1244,1
469,1336,2
469,1392,5
469,1446,34
469,1633,3
469,2885,4
469,2901,2
469,3315,3
469,3387,2
469,3985,6
469,4076,1
469,4326,1
469,4744,11
469,5030,19
469,5787,2
469,5844,55
469,6282,3
469,7153,6
469,7193,26
469,7204,7
469,7257,7
469,7966,3
469,8051,3
469,8631,1
469,9096,1
469,9168,3
469,9538,119
469,9821,7
469,10435,1
469,10623,29
469,10936,2
469,10973,6
469,11008,1
469,11246,319
469,11859,2
469,12110,1
469,12143,1
469,12427,207
469,12495,4
469,12602,2
469,12641,1
469,12649,3
469,12827,5
469,13203,356
469,13240,11
469,13256,3
469,13466,1
469,13506,45
469,13666,812
469,13728,2
469,14006,182
469,14035,6
469,14338,5
469,15227,1
469,15429,5
469,15592,5
469,15857,19
469,15940,1
469,16112,12
469,16180,33
469,16645,9
469,16953,8
469,16968,42
469,17044,1
469,17131,16
469,17158,3
469,17235,4
469,17323,1
469,17743,6
469,18268,4
469,18291,4
469,18317,82
469,18389,11
469,18824,15
469,19022,19
469,19204,2
469,19221,3
469,19370,20
469,19609,2
469,19794,13
470,16495,4
471,2059,6
471,2459,9
471,4114,12
471,4521,2
471,6686,1
471,7723,6
471,8319,1
471,9821,36
471,10352,6
471,11246,1
471,12923,4
471,13240,4
471,13396,16
471,15461,1
471,16112,262
471,17158,10
471,17686,27
471,18064,13
471,18081,9
472,2773,3
472,9613,15
472,9821,40
473,3985,4
473,4744,2
473,6483,1
473,6998,10
473,7153,3
473,9821,7
473,10034,13
473,11246,3
473,11859,2
473,13240,457
473,14300,18
473,16180,168
474,1032,2
474,4170,23
474,6341,2
474,9821,49
474,10592,4
474,11486,1
474,13240,21
474,14441,7
474,16180,2
474,16448,2
474,16542,12
474,18949,1
474,19792,3
475,861,57
475,938,9
475,1834,6
475,1918,14
475,1996,3
475,2213,2
475,4588,3
475,5844,1
475,6939,18
475,8745,7
475,8991,2
475,9141,7
475,9821,7
475,10237,10
475,11458,2
475,12433,8
475,13240,3
475,13337,2
475,14380,6
475,14647,7
475,16112,3
475,18081,3
475,19370,2
475,19609,4
475,19620,25
476,393,9
476,2459,2
476,3580,3
476,3875,3
476,4076,10
476,4639,5
476,7768,3
476,9858,15
476,9864,5
476,10639,11
476,12884,3
476,12923,1
476,14610,1
476,16256,27
476,16848,23
477,438,45
477,605,1
477,820,13
477,952,2
477,1244,8
477,1392,111
477,1918,5
477,1982,5
477,3547,28
477,4079,2
477,4218,10
477,5565,66
477,5844,89
477,5998,2
477,6898,55
477,7037,2
477,7062,3
477,7498,7
477,8945,5
477,9096,2
477,9821,36
477,10275,1
477,10973,1
477,11045,29
477,11246,1
477,12138,5
477,12300,2
477,12641,3
477,13240,7
477,13811,5
477,14470,10
477,14580,38
477,14859,21
477,15429,4
477,15461,15
477,15592,20
477,16180,37
477,16774,5
477,17323,43
477,17451,25
477,17603,8
477,18081,35
477,18242,19
477,18824,24
477,19370,2
477,19425,4
477,19626,6
478,1342,15
478,1613,3
478,1982,26
478,2811,1
478,2925,6
478,3377,63
478,3387,1
478,3607,13
478,3796,16
478,3914,25
478,3985,2
478,4076,16
478,4218,6
478,4326,14
478,4418,17
478,4751,1
478,5844,3
478,5998,18
478,6247,63
478,6311,6
478,6686,2
478,8561,2
478,9168,2
478,9821,43
478,11246,57
478,12372,74
478,12966,3
478,13240,1
478,13563,56
478,15023,4
478,15048,5
478,15174,1
478,15307,7
478,16180,10
478,16920,3
478,18252,2
478,18776,1
478,19119,1
478,19221,3
479,2606,13
479,2925,2
479,7062,2
479,9821,10
479,12184,7
479,13240,35
479,14479,4
479,14580,35
479,14712,31
479,16180,10
480,735,7
480,861,3
480,938,13
480,1834,26
480,1982,3
480,2473,6
480,2599,21
480,3214,8
480,4114,2
480,4418,3
480,5844,27
480,6341,1
480,7037,4
480,7260,2
480,9821,7
480,10260,1
480,10331,1
480,11246,1
480,12228,28
480,12804,4
480,13240,10
480,14338,8
480,14340,2
480,15023,10
480,15740,4
480,16180,106
480,16254,2
480,16269,6
480,16479,14
480,17356,5
480,17413,14
480,17771,16
480,17988,11
480,18268,13
480,18885,2
480,19538,5
481,600,100
481,1600,2
481,3146,6
481,6696,34
481,9821,125
481,11085,4
481,11998,40
481,15424,19
481,15823,3
482,792,1
482,3448,1
482,9024,15
482,9821,17
482,10183,1
482,13240,111
482,16180,110
483,1336,2
483,13454,1
483,17045,32
483,18315,6
484,295,165
484,1667,20
484,3579,2
484,3854,10
484,3985,3
484,4076,2
484,5065,20
484,5459,14
484,5844,119
484,7224,50
484,7281,57
484,7422,9
484,7595,3
484,9168,2
484,9523,9
484,9620,1
484,9821,3
484,10352,6
484,10435,2
484,10743,2
484,10896,6
484,11170,1
484,11451,21
484,11462,4
484,11468,3
484,12641,9
484,12652,1
484,12827,105
484,13240,41
484,13600,1
484,14047,1
484,15424,3
484,15461,3
484,15818,3
484,16180,20
484,16953,1
484,17403,14
484,17657,2
484,17670,7
484,17686,4
484,18081,1
484,18389,11
484,18579,18
484,18922,2
484,19328,2
485,3387,1
485,5824,2
485,9821,307
485,10413,6
485,14889,2
485,15199,4
485,15424,24
485,16288,1
485,19647,48
486,12138,36
487,1834,80
487,1931,25
487,1970,2
487,2309,4
487,3796,1
487,4076,23
487,5844,1
487,5998,3
487,6311,36
487,8712,73
487,9303,1
487,9821,17
487,10847,1
487,12048,1
487,13240,30
487,14006,36
487,14712,20
487,16112,18
487,16180,2
487,17295,13
487,19022,1
488,3146,4
488,5503,10
488,6356,3
488,9821,56
488,10114,1
488,14529,2
488,17780,2
488,19204,12
489,4650,15
489,8631,65
489,9613,38
489,9821,3
489,12184,10
489,15048,1
489,17158,59
489,19544,8
489,19609,27
490,938,3
490,1125,7
490,1501,32
490,7202,3
490,9821,7
490,15890,383
490,16180,22
490,18682,3
490,19328,1
491,1366,2
491,1683,3
491,3194,3
491,9821,49
491,11022,7
491,12495,10
491,16112,10
491,19119,23
491,19193,6
492,51,6
492,61,8
492,160,2
492,201,28
492,510,4
492,728,1
492,861,2
492,932,3
492,1123,6
492,1241,1
492,1336,3
492,1366,27
492,1446,4
492,1508,1
492,1518,2
492,1633,1
492,1834,16
492,1982,78
492,2214,1
492,2334,6
492,2371,134
492,2621,6
492,2636,6
492,3098,7
492,3267,1
492,3387,18
492,3474,17
492,3547,4
492,3608,1
492,3620,85
492,3745,1
492,3905,3
492,3914,10
492,3961,7
492,3985,1
492,4114,8
492,4188,19
492,4218,2
492,4331,2
492,4418,12
492,4556,8
492,4588,3
492,4590,283
492,4916,4
492,5450,4
492,5530,2
492,5583,44
492,5787,3
492,5795,41
492,5844,102
492,6202,2
492,6303,10
492,6311,1
492,6414,3
492,6738,2
492,6824,3
492,6939,2
492,7008,2
492,7029,10
492,7037,3
492,7224,4
492,7260,8
492,7397,18
492,7482,2
492,7581,5
492,7673,17
492,8245,9
492,8319,16
492,8431,6
492,8561,2
492,8645,6
492,8823,4
492,8991,8
492,9025,3
492,9335,2
492,9426,2
492,9461,8
492,9613,13
492,9821,914
492,9973,14
492,10130,10
492,10183,45
492,10279,41
492,10352,4
492,10370,1
492,10413,3
492,10506,3
492,10671,8
492,10743,8
492,10933,7
492,11043,7
492,11070,12
492,11085,25
492,11170,1
492,11244,2
492,11312,2
492,11372,12
492,11779,47
492,11798,319
492,11810,3
492,11816,4
492,11859,29
492,11946,3
492,11972,1
492,11998,49
492,12048,8
492,12138,1
492,12204,1
492,12427,28
492,12456,3
492,12495,2
492,12641,16
492,12827,13
492,12937,1
492,13184,2
492,13240,11
492,13256,13
492,13393,3
492,13483,2
492,13506,3
492,13563,7
492,13728,2
492,13889,3
492,13988,4
492,14006,16
492,14431,3
492,14479,6
492,14529,11
492,14544,9
492,14668,9
492,14802,5
492,14842,22
492,14859,2
492,14906,5
492,15048,44
492,15149,14
492,15174,28
492,15199,6
492,15226,6
492,15397,13
492,15424,29
492,15429,24
492,15434,15
492,15592,8
492,15823,3
492,15827,11
492,15839,3
492,16107,1
492,16180,3
492,16269,5
492,16288,1
492,16331,1
492,16470,15
492,16524,2
492,16838,7
492,16920,1
492,17158,10
492,17439,12
492,17466,4
492,17561,2
492,17603,38
492,17670,1
492,18081,2
492,18262,21
492,18291,52
492,18317,12
492,18551,1
492,18867,2
492,18978,5
492,19022,5
492,19097,6
492,19119,6
492,19281,1
492,19295,165
492,19328,2
492,19370,2
492,19373,2
492,19410,2
492,19524,51
492,19609,6
492,19653,3
492,19718,27
492,19740,371
492,19828,15
493,81,1
493,116,28
493,447,6
493,788,10
493,833,1
493,1633,2
493,2606,5
493,3985,4
493,4076,21
493,4080,2
493,4218,12
493,4876,1
493,4924,1
493,5004,1
493,5583,41
493,5695,7
493,6040,38
493,6247,2
493,6689,84
493,6908,5
493,7153,4
493,7188,9
493,7736,1
493,8370,101
493,9412,515
493,9620,3
493,9821,40
493,10352,3
493,10392,2
493,10639,1
493,10671,3
493,10844,10
493,11312,7
493,11468,36
493,11493,1
493,11811,10
493,12138,12
493,12255,2
493,12495,5
493,12807,2
493,12827,5
493,13240,18
493,14006,2
493,15237,5
493,15285,1
493,15307,1
493,15835,5
493,16180,15
493,16247,5
493,17095,2
493,17158,1
493,17403,18
493,17561,2
493,17686,1
493,17887,9
493,19022,8
493,19119,6
493,19328,7
493,19410,10
493,19521,3
493,19595,74
493,19609,4
493,19626,12
494,2756,3
494,2947,12
494,3267,1
494,5769,4
494,6696,15
494,9102,1
494,9168,3
494,9207,22
494,9723,1
494,9762,4
494,9821,10
494,10352,18
494,11815,13
494,13916,1
494,14006,51
494,16107,295
494,16352,282
494,16752,3
494,17045,2
494,18081,3
494,18190,5
494,18606,1
494,18925,2
494,19626,7
495,3474,80
495,5695,5
495,6908,19
495,8051,1
495,9426,522
495,9821,17
495,10352,1
495,13240,7
495,15827,5
495,17401,8
495,17686,5
495,18081,68
495,19022,1
495,19373,2
495,19626,5
496,201,1
496,353,1
496,901,8
496,1290,27
496,4076,1
496,4953,3
496,6311,2
496,8974,4
496,9024,97
496,9103,1
496,9168,6
496,9613,1
496,9821,59
496,10933,19
496,11998,59
496,12456,3
496,12627,3
496,13203,3
496,13396,3
496,13943,3
496,13988,1
496,14340,7
496,15679,3
496,16180,788
496,16524,43
496,16697,9
496,16799,7
496,17158,1
496,17323,7
496,18081,73
496,18252,1
496,18340,2
496,19009,2
496,19022,1
496,19221,1
496,19255,1
496,19875,2
497,1518,16
497,1633,1
497,4744,2
497,5844,1
497,6738,5
497,7723,2
497,9821,33
497,11451,5
497,13081,4
497,13240,7
497,13526,2
497,14431,6
497,17988,4
497,19707,1
497,19792,47
498,1342,2
498,2108,1
498,3387,39
498,3985,11
498,5004,1
498,7786,7
498,7845,7
498,9821,17
498,10352,3
498,10671,10
498,11246,1
498,11372,2
498,11998,35
498,12174,1
498,12556,3
498,13182,13
498,13240,8
498,13419,2
498,14275,57
498,14479,8
498,14602,24
498,14647,50
498,14834,10
498,16180,12
498,16495,2
498,17905,3
498,18925,34
499,594,4
499,728,4
499,2454,1
499,5661,5
499,5703,1
499,5844,68
499,6311,16
499,7422,2
499,8038,2
499,9821,30
499,9976,4
499,11244,3
499,11779,35
499,14481,6
499,15565,8
499,15592,2
499,16180,2
499,16524,1
499,17254,2
499,18994,1
499,19022,5
500,447,32
500,5230,1
500,6223,8
500,7202,214
500,7257,61
500,8947,1
500,9613,3
500,9821,20
500,9973,11
500,11244,8
500,11246,148
500,15114,23
500,15592,45
500,16288,9
501,114,20
501,198,7
501,470,59
501,1150,135
501,2925,7
501,3355,15
501,3547,8
501,4521,2
501,4757,1
501,6311,1
501,7719,10
501,8431,18
501,9821,3
501,10352,46
501,10916,16
501,11451,2
501,11998,5
501,12495,5
501,13240,81
501,13563,6
501,13889,5
501,14580,2
501,14668,16
501,15990,37
501,16180,5
501,16682,2
501,18081,1
501,18317,2
501,18680,4
501,19009,66
501,19626,3
502,6311,13
502,7845,7
502,9303,780
502,9821,33
502,10352,1
502,13240,8
502,16112,3
502,18081,20
503,211,3
503,1284,6
503,3387,10
503,3796,3
503,4681,25
503,9821,3
503,13256,46
503,14006,219
503,14275,16
503,15174,1
503,15424,20
503,16112,2
503,16288,1
504,9821,26
504,12048,23
504,12314,3
504,14602,1
504,18814,1
505,5844,39
505,7482,3
505,9168,34
505,9821,20
505,18158,7
506,1446,146
507,1336,42
507,1426,12
507,4076,1
507,5459,8
507,5477,2
507,5844,1
507,7114,3
507,7845,1
507,9821,82
507,12122,114
507,12495,3
507,15149,2
